Rk,Player,Pos,Age,Tm,G,GS,MP,FG,FGA,FG%,3P,3PA,3P%,2P,2PA,2P%,eFG%,FT,FTA,FT%,ORB,DRB,TRB,AST,STL,BLK,TOV,PF,PS/G ?
1,James Harden,SG,28,HOU,64,64,35.6,9.2,20.4,0.448,3.8,10.3,0.371,5.3,10.1,0.527,0.542,8.9,10.3,0.863,0.6,4.7,5.3,8.7,1.8,0.7,4.3,2.4,31
2,Anthony Davis,PF,24,NOP,66,66,36.5,10.5,19.4,0.539,0.8,2.3,0.34,9.7,17.1,0.565,0.559,6.5,7.8,0.834,2.5,8.6,11.1,2.3,1.5,2.4,2.2,2.1,28.2
3,LeBron James,PF,33,CLE,71,71,37.2,10.5,19.3,0.545,1.8,4.9,0.369,8.7,14.3,0.606,0.592,4.6,6.3,0.725,1.2,7.5,8.6,9.1,1.5,1,4.3,1.7,27.4
4,Giannis Antetokounmpo,PF,23,MIL,67,67,36.9,10,18.8,0.532,0.5,1.8,0.295,9.5,17,0.557,0.546,6.7,8.8,0.761,2.1,7.9,10,4.8,1.5,1.4,2.9,3.1,27.3
5,Kevin Durant,PF,29,GSW,60,60,34.7,9.4,18,0.52,2.6,6.1,0.43,6.8,11.9,0.566,0.593,5.2,5.9,0.887,0.5,6.3,6.8,5.4,0.8,1.9,3.1,2,26.6
6,Damian Lillard,PG,27,POR,64,64,36.4,8.4,19.1,0.441,3.1,8.5,0.371,5.3,10.6,0.496,0.523,6.7,7.3,0.914,0.7,3.7,4.4,6.5,1,0.4,3,1.6,26.6
7,Stephen Curry,PG,29,GSW,50,50,32.1,8.4,16.9,0.494,4.2,9.9,0.424,4.2,7.1,0.592,0.618,5.4,5.9,0.919,0.7,4.4,5.1,6.2,1.6,0.1,3,2.3,26.3
8,Russell Westbrook,PG,29,OKC,71,71,36.2,9.5,21.1,0.451,1.2,4.1,0.289,8.3,17,0.49,0.479,5.1,7,0.734,1.8,7.8,9.7,10.2,1.8,0.2,4.7,2.4,25.4
9,DeMarcus Cousins,C,27,NOP,48,48,36.2,8.5,18,0.47,2.2,6.1,0.354,6.3,11.9,0.53,0.53,6.1,8.2,0.746,2.2,10.7,12.9,5.4,1.6,1.6,5,3.8,25.2
10,Devin Booker,SG,21,PHO,54,54,34.5,8.4,19.5,0.432,2.7,7.1,0.383,5.7,12.4,0.46,0.501,5.4,6.1,0.878,0.5,4,4.5,4.7,0.9,0.3,3.6,3.1,24.9
11,Kyrie Irving,PG,25,BOS,60,60,32.2,8.9,18.1,0.491,2.8,6.8,0.408,6.1,11.3,0.541,0.568,3.9,4.4,0.889,0.6,3.2,3.8,5.1,1.1,0.3,2.3,2,24.4
12,DeMar DeRozan,SG,28,TOR,71,71,34.1,8.2,17.9,0.46,1.2,3.6,0.323,7.1,14.3,0.494,0.492,6,7.3,0.827,0.8,3.2,4,5.1,1.1,0.3,2.2,1.8,23.6
13,Joel Embiid,C,23,PHI,60,60,30.9,8.3,17.1,0.483,1.1,3.5,0.311,7.2,13.6,0.528,0.515,5.7,7.5,0.77,2.3,8.8,11.1,3.3,0.7,1.8,3.8,3.4,23.4
14,Victor Oladipo,SG,25,IND,66,66,34.1,8.6,18.2,0.471,2.1,5.8,0.367,6.4,12.4,0.52,0.53,4,5,0.805,0.6,4.7,5.3,4.1,2.2,0.8,3,2.3,23.3
15,Bradley Beal,SG,24,WAS,71,71,36.4,8.6,18.4,0.465,2.4,6.5,0.375,6.1,12,0.514,0.531,3.7,4.7,0.792,0.8,3.7,4.4,4.6,1.2,0.5,2.6,1.9,23.2
16,Kemba Walker,PG,27,CHO,71,71,34.8,7.6,17.6,0.431,3,7.6,0.394,4.6,10,0.459,0.516,4.7,5.5,0.857,0.4,2.8,3.3,5.7,1.2,0.3,2.2,1.3,22.9
17,Lou Williams,SG,31,LAC,70,19,32.7,7.4,16.9,0.437,2.5,7,0.359,4.9,10,0.491,0.511,5.5,6.3,0.878,0.5,2,2.5,5.4,1.1,0.2,3,1.4,22.8
18,LaMarcus Aldridge,C,32,SAS,65,65,33.4,9,17.8,0.503,0.4,1.3,0.294,8.6,16.5,0.519,0.513,4.4,5.3,0.837,3.3,5.1,8.4,2.1,0.5,1.1,1.5,2.2,22.7
19,Kristaps Porzingis,PF,22,NYK,48,48,32.4,8.1,18.5,0.439,1.9,4.8,0.393,6.3,13.8,0.455,0.489,4.5,5.7,0.793,1.3,5.3,6.6,1.2,0.8,2.4,1.9,2.9,22.7
20,Jimmy Butler,SG,28,MIN,56,56,37.1,7.4,15.8,0.473,1.2,3.5,0.356,6.2,12.3,0.506,0.512,6.1,7,0.865,1.3,4.1,5.4,5,1.9,0.4,1.8,1.3,22.2
21,Paul George,SF,27,OKC,70,70,36.4,7.4,16.8,0.438,3.1,7.6,0.41,4.3,9.2,0.462,0.531,4,4.9,0.809,0.9,4.8,5.7,3.4,2,0.5,2.7,2.9,21.8
22,Blake Griffin,PF,28,TOT,56,56,34.3,7.6,17.5,0.435,1.9,5.6,0.341,5.7,11.9,0.48,0.49,4.6,5.8,0.789,1.3,6.2,7.5,5.8,0.7,0.3,2.8,2.4,21.7
23,C.J. McCollum,SG,26,POR,70,70,36,8.2,18.4,0.447,2.4,5.9,0.412,5.8,12.5,0.464,0.513,2.7,3.2,0.842,0.6,3.3,3.9,3.2,0.9,0.4,1.8,2.1,21.5
24,Karl-Anthony Towns,C,22,MIN,72,72,35.4,7.6,13.9,0.549,1.4,3.4,0.426,6.2,10.5,0.588,0.601,4.1,4.8,0.856,2.9,9.3,12.2,2.4,0.8,1.4,2,3.4,20.9
25,Khris Middleton,SF,26,MIL,71,71,36.5,7.3,15.5,0.47,1.8,5,0.361,5.5,10.5,0.523,0.529,3.8,4.4,0.877,0.5,4.7,5.2,4,1.4,0.2,2.3,3.3,20.2
26,Donovan Mitchell,SG,21,UTA,69,61,33.2,7.4,16.9,0.437,2.3,6.9,0.336,5.1,10,0.507,0.506,2.9,3.5,0.828,0.6,3.1,3.7,3.6,1.5,0.4,2.7,2.8,20
27,Klay Thompson,SG,27,GSW,66,66,34.4,7.7,15.8,0.49,3.1,7,0.443,4.6,8.7,0.528,0.589,1.2,1.4,0.835,0.4,3.5,3.8,2.7,0.7,0.5,1.7,1.6,19.7
28,T.J. Warren,SF,24,PHO,65,65,33,8.1,16.4,0.498,0.3,1.4,0.222,7.8,15,0.523,0.507,3,3.9,0.757,1.9,3.2,5.1,1.3,1,0.6,1.3,2.3,19.6
29,Dennis Schroder,PG,24,ATL,66,66,31,7.5,17.1,0.436,1.2,3.9,0.295,6.3,13.2,0.478,0.469,3.4,4,0.856,0.7,2.4,3.1,6.2,1.1,0.1,2.7,2.2,19.5
30,Tyreke Evans,PG,28,MEM,52,32,30.9,7,15.6,0.452,2.2,5.5,0.399,4.8,10.1,0.482,0.523,3.2,4,0.785,0.8,4.3,5.1,5.2,1.1,0.3,2.3,1.8,19.4
31,John Wall,PG,27,WAS,37,37,34.3,6.8,16.3,0.417,1.4,4,0.358,5.4,12.3,0.436,0.461,4.3,6,0.719,0.5,3,3.6,9.3,1.3,1.1,3.6,1.9,19.4
32,Jrue Holiday,SG,27,NOP,72,72,36.4,7.6,15.5,0.491,1.5,4.5,0.339,6.1,10.9,0.553,0.54,2.4,3,0.781,0.7,3.7,4.4,5.8,1.4,0.8,2.5,2.5,19.1
33,Harrison Barnes,PF,25,DAL,69,69,34.2,7,15.5,0.448,1.4,4,0.355,5.5,11.5,0.481,0.494,3.4,4.1,0.829,1,5.3,6.3,2,0.7,0.2,1.6,1.3,18.8
34,Chris Paul,PG,32,HOU,53,53,31.9,6.3,13.7,0.459,2.5,6.4,0.385,3.8,7.3,0.524,0.549,3.7,4,0.916,0.7,4.9,5.6,7.9,1.7,0.3,2.2,2.4,18.8
35,Tobias Harris,PF,25,TOT,69,69,33.3,6.9,15.2,0.457,2.3,5.7,0.409,4.6,9.4,0.487,0.535,2.3,2.7,0.84,0.8,4.8,5.6,2.3,0.9,0.4,1.3,2,18.5
36,Eric Gordon,SG,29,HOU,63,26,31.5,6,14.1,0.423,3.1,8.8,0.353,2.9,5.3,0.539,0.533,3,3.7,0.814,0.4,2.1,2.5,2.2,0.6,0.4,1.9,1.7,18.1
37,Andrew Wiggins,SF,22,MIN,72,72,36.2,7.1,15.9,0.446,1.4,4.2,0.337,5.7,11.7,0.485,0.49,2.5,3.9,0.647,1,3.1,4.1,1.8,1.1,0.7,1.7,2,18.1
38,Aaron Gordon,PF,22,ORL,49,48,33.5,6.6,15,0.44,2,5.8,0.343,4.6,9.1,0.502,0.507,2.9,4.1,0.704,1.6,6.8,8.4,2.3,0.9,0.8,1.8,2,18
39,Jeremy Lin,PG,29,BRK,1,1,25,5,12,0.417,1,2,0.5,4,10,0.4,0.458,7,7,1,0,0,0,4,0,0,3,3,18
40,Kevin Love,C,29,CLE,50,50,27.9,5.8,12.6,0.463,2.3,5.5,0.411,3.6,7.1,0.503,0.552,4.1,4.6,0.883,1.9,7.5,9.4,1.7,0.7,0.4,1.5,2,18
41,Evan Fournier,SF,25,ORL,57,57,32.2,6.5,14.1,0.459,2.2,5.9,0.379,4.2,8.2,0.516,0.538,2.6,3,0.867,0.4,2.8,3.2,2.9,0.8,0.3,1.7,2.4,17.8
42,Gary Harris,SG,23,DEN,65,65,34.8,6.6,13.7,0.486,2.4,6,0.399,4.3,7.7,0.553,0.573,2,2.4,0.827,0.6,2.1,2.7,3,1.8,0.2,1.8,1.8,17.7
43,Goran Dragic,PG,31,MIA,67,67,31.8,6.6,14.6,0.448,1.5,4.1,0.361,5.1,10.5,0.482,0.498,3,3.8,0.797,0.7,3.3,4,4.8,0.8,0.2,2.2,2.4,17.6
44,Marc Gasol,C,33,MEM,66,66,33.7,6,14.5,0.414,1.4,4.4,0.324,4.6,10.1,0.453,0.463,4.1,4.9,0.834,1.1,7.3,8.4,4.2,0.7,1.5,2.7,2.5,17.5
45,Nikola Jokic,C,22,DEN,65,63,31.6,6.3,12.6,0.5,1.4,3.5,0.393,4.9,9.1,0.542,0.555,3.6,4.2,0.847,2.7,7.8,10.5,6,1.2,0.8,2.8,2.8,17.5
46,Tim Hardaway,SG,25,NYK,50,47,32.9,6.3,15,0.419,2.2,7.1,0.311,4.1,7.9,0.518,0.493,2.6,3.2,0.823,0.6,3.3,3.9,2.7,1,0.2,1.6,2.2,17.4
47,Eric Bledsoe,PG,28,TOT,63,63,31.4,6.1,13.5,0.452,1.7,5,0.332,4.4,8.5,0.522,0.514,3.4,4.4,0.778,0.7,3,3.8,4.8,2,0.6,3,2.5,17.3
48,Mike Conley,PG,30,MEM,12,12,31.1,5.3,14,0.381,2,6.4,0.312,3.3,7.6,0.44,0.452,4.4,5.5,0.803,0,2.3,2.3,4.1,1,0.3,1.5,2,17.1
49,Nikola Vucevic,C,27,ORL,49,49,30,7.2,14.7,0.488,1.3,3.8,0.339,5.9,10.9,0.539,0.531,1.3,1.6,0.8,1.7,7.2,8.9,3.3,1,1.1,2,2.6,16.9
50,Zach LaVine,SG,22,CHI,24,24,27.3,5.7,14.8,0.383,1.8,5.1,0.341,3.9,9.7,0.405,0.442,3.6,4.5,0.813,0.4,3.5,3.9,3,1,0.2,1.8,2.3,16.7
51,Carmelo Anthony,PF,33,OKC,69,69,32.2,6.2,15.3,0.408,2.2,6.1,0.363,4,9.2,0.438,0.481,1.9,2.6,0.761,0.8,5,5.8,1.3,0.6,0.6,1.3,2.6,16.6
52,Dwight Howard,C,32,CHO,72,72,30.5,6.2,11.3,0.554,0,0.1,0.2,6.2,11.2,0.557,0.555,4.1,7.2,0.569,3.2,9,12.2,1.3,0.6,1.7,2.7,3.2,16.6
53,Kyle Lowry,PG,31,TOR,68,68,32.1,5.3,12.2,0.431,3.1,7.7,0.403,2.2,4.5,0.477,0.557,3.1,3.6,0.856,0.9,4.6,5.6,6.7,1.2,0.2,2.3,2.5,16.6
54,J.J. Redick,SG,33,PHI,60,60,30.6,5.5,12.2,0.45,2.7,6.5,0.41,2.8,5.7,0.496,0.559,2.9,3.2,0.911,0.2,2.4,2.6,3,0.5,0.1,1.5,1.9,16.6
55,Jamal Murray,PG,20,DEN,71,70,30.7,5.8,12.8,0.455,2,5.2,0.386,3.8,7.6,0.503,0.534,2.8,3.1,0.904,1,2.7,3.7,3.2,1,0.3,2.1,2.1,16.5
56,Brandon Ingram,SF,20,LAL,57,57,33.8,6.1,13.1,0.469,0.7,1.8,0.38,5.5,11.3,0.483,0.495,3.3,4.8,0.689,1,4.4,5.4,3.9,0.8,0.8,2.5,2.8,16.2
57,Kawhi Leonard,SF,26,SAS,9,9,23.3,5.8,12.3,0.468,1.2,3.9,0.314,4.6,8.4,0.539,0.518,3.4,4.2,0.816,0.7,4,4.7,2.3,2,1,1.8,1,16.2
58,D'Angelo Russell,PG,21,BRK,38,25,25.9,6,14.3,0.417,1.8,5.5,0.324,4.2,8.8,0.475,0.479,2.4,3.1,0.756,0.7,3.2,3.9,4.9,0.7,0.3,3.1,2,16.1
59,Julius Randle,C,23,LAL,71,38,26.4,6.3,11,0.566,0.1,0.6,0.214,6.1,10.5,0.586,0.572,3.4,4.9,0.699,2.2,5.7,7.9,2.5,0.5,0.6,2.5,3.3,16
60,Ben Simmons,PG,21,PHI,70,70,34.3,6.8,12.6,0.537,0,0.1,0,6.8,12.5,0.543,0.537,2.4,4.2,0.569,1.8,6.1,7.9,7.9,1.7,0.8,3.5,2.6,16
61,Danilo Gallinari,SF,29,LAC,19,19,32.4,5.2,12.7,0.407,1.8,5.6,0.321,3.4,7.1,0.474,0.477,3.8,4.1,0.948,0.4,4.5,4.9,2.1,0.6,0.3,1.2,1.4,15.9
62,Kyle Kuzma,PF,22,LAL,69,30,30.4,5.9,13.1,0.449,2,5.4,0.371,3.9,7.7,0.505,0.526,1.9,2.6,0.715,1.2,5,6.2,1.8,0.6,0.4,1.7,2.1,15.7
63,Austin Rivers,SG,25,LAC,51,49,33.7,5.8,13.5,0.434,2.4,6,0.39,3.5,7.4,0.471,0.522,1.6,2.5,0.643,0.5,2.1,2.5,3.7,1.2,0.3,1.7,2.5,15.7
64,Isaiah Thomas,PG,28,TOT,32,15,26.9,4.9,13.2,0.373,1.7,5.9,0.293,3.2,7.3,0.438,0.438,3.7,4.1,0.893,0.5,1.6,2.1,4.8,0.5,0.1,3,1.8,15.2
65,Rodney Hood,SG,25,TOT,51,17,27.2,5.5,13,0.421,2.3,6,0.379,3.2,7,0.457,0.508,1.9,2.1,0.881,0.4,2.4,2.8,1.6,0.7,0.2,1.4,1.8,15.1
66,Will Barton,SG,27,DEN,71,30,32.5,5.6,12.4,0.449,1.8,5,0.361,3.7,7.4,0.51,0.523,2,2.6,0.792,0.9,4.1,4.9,4.1,1.1,0.6,1.8,2,15
67,Nikola Mirotic,PF,26,TOT,47,9,26.7,5.2,12.1,0.432,2.4,6.4,0.37,2.9,5.7,0.502,0.53,2.1,2.7,0.802,1,6,7,1.5,0.8,0.7,1.2,1.9,15
68,Dennis Smith,PG,20,DAL,61,61,29.7,5.8,14.8,0.39,1.5,4.9,0.305,4.3,9.9,0.432,0.441,2,2.9,0.699,0.7,3.1,3.8,4.9,1,0.3,2.8,2.1,15
69,Lauri Markkanen,PF,20,CHI,60,60,30.4,5.5,12.8,0.426,2.1,6,0.345,3.4,6.8,0.498,0.507,1.9,2.2,0.865,1.2,6.4,7.6,1.2,0.6,0.6,1.2,1.5,14.9
70,Andre Drummond,C,24,DET,70,70,33.3,5.9,11.2,0.527,0,0.1,0,5.9,11.1,0.532,0.527,3,5,0.607,5.1,10.7,15.8,3.1,1.5,1.6,2.6,3.2,14.8
71,Otto Porter,SF,24,WAS,67,67,32.2,5.8,11.7,0.497,1.7,4.1,0.426,4.1,7.6,0.534,0.571,1.5,1.7,0.838,1.3,5.2,6.5,2.1,1.6,0.5,0.9,2,14.8
72,Dario Saric,PF,23,PHI,70,65,30.3,5.2,11.4,0.456,2,5.1,0.399,3.2,6.3,0.501,0.544,2.4,2.7,0.868,2,4.8,6.9,2.6,0.7,0.3,1.9,2.1,14.8
73,Zach Randolph,PF,36,SAC,59,57,25.6,6.1,12.9,0.473,0.9,2.5,0.347,5.3,10.4,0.503,0.507,1.4,1.8,0.785,1.6,5.1,6.7,2.2,0.7,0.2,2,2,14.5
74,Rondae Hollis-Jefferson,SF,23,BRK,58,49,28.1,5.2,10.9,0.474,0.2,0.8,0.245,5,10.1,0.493,0.483,3.8,4.8,0.786,1.6,5.1,6.7,2.4,0.9,0.7,1.7,2.2,14.4
75,Avery Bradley,SG,27,TOT,46,46,31.2,5.6,13.6,0.414,1.6,4.4,0.369,4,9.2,0.436,0.474,1.4,1.8,0.768,0.5,2,2.5,2,1.1,0.2,2.2,2,14.3
76,Jordan Clarkson,SG,25,TOT,70,2,23.5,5.5,12,0.453,1.4,4.2,0.347,4,7.9,0.509,0.513,1.9,2.4,0.792,0.7,2.1,2.9,2.9,0.7,0.1,1.7,1.3,14.3
77,Dion Waiters,SG,26,MIA,30,30,30.6,5.4,13.7,0.398,1.7,5.7,0.306,3.7,8,0.463,0.461,1.7,2.3,0.739,0.3,2.3,2.6,3.8,0.8,0.3,2.3,2,14.3
78,Hassan Whiteside,C,28,MIA,47,47,25.9,5.9,10.7,0.55,0,0,1,5.8,10.6,0.548,0.552,2.5,3.6,0.69,3.2,8.6,11.8,1,0.7,1.7,1.8,2.4,14.3
79,Paul Millsap,PF,32,DEN,28,27,28.9,5.1,11.2,0.46,1.1,3.1,0.356,4,8.1,0.5,0.51,2.8,3.9,0.718,1.4,4.9,6.3,2.7,1.2,1.2,2,2.5,14.2
80,Jusuf Nurkic,C,23,POR,68,68,26,5.9,12.1,0.492,0,0.1,0,5.9,12,0.496,0.492,2.3,3.6,0.642,2.2,6.4,8.6,1.9,0.8,1.3,2.4,3.1,14.2
81,Jaylen Brown,SF,21,BOS,61,61,30.9,5.2,11.4,0.46,1.7,4.4,0.373,3.6,6.9,0.517,0.533,2,3.2,0.631,1,4.2,5.2,1.6,0.9,0.4,1.6,2.7,14.1
82,Reggie Jackson,PG,27,DET,35,35,26.5,5.3,12.2,0.437,1.2,3.8,0.326,4.1,8.4,0.486,0.487,2.3,2.7,0.84,0.7,2.1,2.7,5.2,0.6,0.1,2.3,2,14.1
83,Enes Kanter,C,25,NYK,67,67,25.5,6,10.1,0.598,0,0,0,6,10,0.6,0.598,2.1,2.5,0.849,3.8,7,10.9,1.5,0.5,0.5,1.7,2.6,14.1
84,Clint Capela,C,23,HOU,66,66,27.4,6,9.2,0.651,0,0,0,6,9.2,0.652,0.651,2,3.6,0.561,3.3,7.6,10.9,0.9,0.7,1.8,1.5,2.6,14
85,Rudy Gobert,C,25,UTA,46,46,32.5,5.1,8.2,0.622,0,0,,5.1,8.2,0.622,0.622,3.8,5.5,0.698,3,7.8,10.8,1.3,0.7,2.4,1.8,2.8,14
86,Steven Adams,C,24,OKC,67,67,32.6,5.9,9.3,0.634,0,0,0,5.9,9.3,0.636,0.634,2.1,3.6,0.57,5,3.9,8.9,1.1,1.3,1.1,1.6,2.9,13.9
87,Jonathon Simmons,SG,28,ORL,69,50,29.4,5.1,11,0.465,1,3,0.338,4.1,8.1,0.512,0.511,2.7,3.5,0.768,0.9,2.6,3.5,2.5,0.8,0.2,2.1,2.5,13.9
88,Jeff Teague,PG,29,MIN,61,61,33.1,5,11.1,0.45,1.2,3.1,0.38,3.8,8,0.477,0.504,2.7,3.3,0.829,0.4,2.7,3.1,7.1,1.5,0.3,2.6,2.4,13.9
89,Bojan Bogdanovic,SF,28,IND,71,71,30.7,4.9,10.4,0.466,1.9,4.8,0.393,3,5.7,0.526,0.555,2.2,2.6,0.859,0.4,3,3.3,1.5,0.7,0.1,1.3,1.6,13.8
90,Kentavious Caldwell-Pope,SG,24,LAL,63,63,33.8,4.7,10.9,0.432,2.3,5.7,0.396,2.5,5.2,0.471,0.535,2,2.7,0.766,0.9,4.6,5.5,2.2,1.6,0.2,1.3,2,13.7
91,Myles Turner,C,21,IND,55,52,28.5,5.1,10.2,0.5,0.9,2.5,0.38,4.1,7.7,0.539,0.546,2.6,3.4,0.773,1.5,5.4,6.9,1.4,0.6,1.9,1.5,2.9,13.7
92,DeMarre Carroll,SF,31,BRK,67,67,29.9,4.5,10.9,0.415,2,5.4,0.37,2.5,5.5,0.458,0.506,2.6,3.4,0.77,1.5,5.2,6.7,2,0.8,0.4,1.4,2.2,13.6
93,Jayson Tatum,SF,19,BOS,71,71,30.5,4.8,10.1,0.476,1.3,3.1,0.429,3.5,7.1,0.496,0.54,2.6,3.2,0.821,0.6,4.5,5.1,1.5,0.9,0.8,1.3,2.1,13.6
94,Kris Dunn,PG,23,CHI,52,43,29.3,5.5,12.8,0.429,0.8,2.6,0.321,4.7,10.2,0.457,0.462,1.6,2.2,0.73,0.5,3.8,4.3,6,2,0.5,2.9,3.4,13.4
95,Taurean Waller-Prince,SF,23,ATL,72,72,30.2,4.8,11.4,0.418,2,5.4,0.38,2.7,6.1,0.452,0.507,1.8,2.1,0.843,0.6,4.2,4.8,2.4,1,0.5,2.2,2,13.4
96,Malcolm Brogdon,PG,25,MIL,46,20,30.5,5.2,10.6,0.487,1.3,3.4,0.378,3.9,7.2,0.538,0.547,1.6,1.8,0.882,0.5,2.8,3.3,3.2,0.9,0.3,1.4,2.8,13.3
97,Bobby Portis,PF,22,CHI,62,3,22.4,5.2,11,0.469,1.1,3.1,0.349,4.1,7.9,0.516,0.518,1.9,2.4,0.788,2.2,4.5,6.8,1.8,0.7,0.2,1.3,1.7,13.3
98,Buddy Hield,SG,24,SAC,71,12,24.8,5,11.4,0.441,2.1,5.1,0.421,2.9,6.4,0.457,0.534,0.9,1,0.887,0.6,3.2,3.8,1.8,0.9,0.3,1.5,1.8,13.1
99,Jeremy Lamb,SG,25,CHO,72,17,24.6,4.8,10.6,0.455,1.2,3.2,0.361,3.7,7.4,0.496,0.51,2.3,2.7,0.862,0.7,3.5,4.2,2.3,0.8,0.4,1.2,1.8,13.1
100,Brook Lopez,C,29,LAL,63,61,23,5,10.7,0.47,1.6,4.5,0.352,3.5,6.3,0.554,0.544,1.4,2,0.69,1.1,2.9,4,1.6,0.4,1.4,1.4,2.7,13.1
101,Josh Richardson,SF,24,MIA,71,71,33.3,5,10.9,0.457,1.7,4.3,0.393,3.3,6.6,0.498,0.534,1.4,1.7,0.828,0.9,2.5,3.4,2.8,1.5,0.9,1.8,2.6,13.1
102,Elfrid Payton,PG,23,TOT,60,60,29,5.4,10.7,0.5,0.5,1.5,0.337,4.9,9.2,0.526,0.523,1.8,2.7,0.652,1,3.4,4.4,6.3,1.3,0.4,2.7,2.3,13
103,Kent Bazemore,SG,28,ATL,65,65,27.5,4.4,10.4,0.42,1.7,4.2,0.394,2.7,6.2,0.438,0.5,2.5,3.1,0.796,0.4,3.4,3.8,3.5,1.5,0.7,2.4,2.3,12.9
104,Spencer Dinwiddie,PG,24,BRK,71,57,29.1,4.2,10.8,0.387,1.7,5.4,0.323,2.4,5.4,0.453,0.469,2.8,3.4,0.833,0.5,2.8,3.3,6.7,0.9,0.3,1.6,2.4,12.9
105,Marcus Morris,PF,28,BOS,47,19,26.3,4.7,11.1,0.423,1.6,4.3,0.369,3.1,6.8,0.456,0.494,1.9,2.4,0.783,0.9,4.7,5.6,1.3,0.7,0.2,1.1,1.9,12.9
106,Michael Beasley,PF,29,NYK,65,21,21.9,5.3,10.5,0.507,0.4,1,0.409,4.9,9.5,0.518,0.527,1.7,2.2,0.782,1.3,4.2,5.5,1.6,0.5,0.6,1.9,1.9,12.8
107,Darren Collison,PG,30,IND,59,54,29.8,4.7,9.4,0.496,1.4,3.1,0.448,3.3,6.3,0.52,0.57,2,2.3,0.874,0.6,2.1,2.6,5.3,1.4,0.2,1.3,1.8,12.7
108,Robert Covington,PF,27,PHI,69,69,31.8,4.3,10.4,0.413,2.6,6.8,0.378,1.7,3.6,0.482,0.538,1.5,1.8,0.847,0.7,4.7,5.4,1.9,1.5,0.8,1.6,3,12.7
109,Allen Crabbe,SG,25,BRK,66,59,29.5,4.4,11,0.397,2.5,7,0.365,1.8,4,0.453,0.513,1.4,1.7,0.855,0.4,4,4.4,1.5,0.6,0.4,1.1,2.3,12.7
110,Al Horford,C,31,BOS,64,64,31.6,5.1,10.5,0.487,1.4,3.2,0.42,3.8,7.3,0.517,0.552,1.1,1.5,0.755,1.4,6.1,7.5,4.8,0.6,1.1,1.9,2,12.7
111,Wesley Matthews,SF,31,DAL,63,62,33.8,4.5,11.1,0.406,2.4,6.4,0.381,2.1,4.7,0.441,0.516,1.3,1.6,0.822,0.4,2.7,3.1,2.7,1.2,0.3,1.3,2.2,12.7
112,Ricky Rubio,PG,27,UTA,68,68,29.7,4.4,10.7,0.407,1.1,3.5,0.328,3.2,7.2,0.445,0.46,2.8,3.3,0.851,0.5,4,4.5,5.4,1.6,0.1,2.8,2.8,12.7
113,Serge Ibaka,PF,28,TOR,67,67,27.4,4.9,10.3,0.475,1.4,4,0.346,3.5,6.3,0.555,0.541,1.3,1.7,0.811,1,5.2,6.2,0.8,0.4,1.2,1.2,2.8,12.5
114,Jonas Valanciunas,C,25,TOR,68,68,22.5,4.9,8.6,0.568,0.4,0.9,0.443,4.5,7.8,0.583,0.591,2.2,2.8,0.8,2.4,6.2,8.5,1.1,0.4,0.9,1.5,2.6,12.5
115,Justin Holiday,SG,28,CHI,62,62,32.8,4.1,10.9,0.374,2.3,6.3,0.367,1.8,4.6,0.383,0.479,2,2.4,0.823,0.5,3.8,4.3,2.2,1.1,0.5,1.4,1.9,12.4
116,E'Twaun Moore,SG,28,NOP,73,71,31.8,5.1,10.2,0.503,1.5,3.6,0.423,3.6,6.5,0.548,0.579,0.6,0.8,0.677,0.7,2.2,2.9,2.2,0.9,0.1,1.3,2.3,12.4
117,Taj Gibson,PF,32,MIN,72,72,33.5,5.3,9,0.581,0.1,0.5,0.212,5.2,8.6,0.6,0.586,1.7,2.2,0.766,2.4,4.7,7.1,1.3,0.8,0.7,1.1,2.7,12.3
118,DeAndre Jordan,C,29,LAC,66,66,32,4.9,7.6,0.649,0,0,,4.9,7.6,0.649,0.649,2.4,4,0.611,4.3,11.2,15.5,1.5,0.6,1,1.8,2.7,12.3
119,Dirk Nowitzki,C,39,DAL,71,71,24.8,4.6,9.9,0.463,1.8,4.3,0.426,2.8,5.6,0.491,0.555,1.3,1.5,0.904,0.3,5.3,5.6,1.6,0.6,0.6,0.7,1.9,12.3
120,Patrick Beverley,SG,29,LAC,11,11,30.4,4.4,10.8,0.403,2.2,5.5,0.4,2.2,5.4,0.407,0.504,1.3,1.5,0.824,1.5,2.6,4.1,2.9,1.6,0.5,2.3,3.1,12.2
121,Willie Cauley-Stein,C,24,SAC,64,49,27.8,5,10.3,0.489,0,0.2,0.25,5,10.1,0.493,0.491,2,3.3,0.621,1.8,5,6.9,2.3,1.1,0.9,1.5,2.5,12.2
122,Courtney Lee,SG,32,NYK,69,67,30.9,4.5,10.1,0.449,1.5,3.7,0.403,3,6.4,0.476,0.524,1.6,1.8,0.917,0.4,2.6,3,2.5,1.1,0.2,1.2,1.5,12.2
123,Caris LeVert,SF,23,BRK,62,9,26,4.5,10.3,0.439,1.2,3.4,0.358,3.3,6.9,0.479,0.498,1.9,2.7,0.704,0.8,2.9,3.7,4,1.1,0.3,2.2,2.2,12.2
124,Derrick Favors,C,26,UTA,67,67,27.9,5,9.1,0.557,0.2,0.7,0.239,4.9,8.4,0.583,0.566,1.9,2.8,0.667,2.6,4.6,7.2,1.4,0.8,1,1.2,2.1,12.1
125,Josh Jackson,SF,20,PHO,69,27,24.3,4.6,11.1,0.415,0.7,2.8,0.267,3.9,8.4,0.464,0.448,2.1,3.4,0.627,1.2,3.3,4.5,1.4,0.9,0.4,1.8,2.7,12.1
126,Tyler Johnson,PG,25,MIA,62,29,28.9,4.4,10.1,0.433,1.7,4.7,0.367,2.7,5.4,0.49,0.518,1.6,2,0.811,0.5,3,3.4,2.3,0.9,0.5,1.2,2.1,12
127,Robin Lopez,C,29,CHI,61,61,26.6,5.4,10.2,0.532,0.1,0.2,0.333,5.4,10,0.536,0.535,1.1,1.4,0.761,2.1,2.4,4.5,2,0.2,0.8,1.7,1.7,12
128,Trevor Ariza,SF,32,HOU,59,59,34.4,4.1,9.7,0.419,2.6,6.9,0.38,1.4,2.7,0.519,0.555,1.1,1.3,0.859,0.6,3.9,4.5,1.6,1.5,0.2,0.8,2,11.9
129,Nicolas Batum,SG,29,CHO,56,56,31.9,4.4,10.6,0.415,1.5,4.5,0.339,2.9,6.1,0.471,0.487,1.6,2,0.821,0.9,4,4.9,5.5,1.1,0.4,2,1.2,11.9
130,Kelly Oubre,SF,22,WAS,70,10,27.6,4,9.6,0.417,1.6,4.4,0.365,2.4,5.2,0.463,0.501,2.3,2.8,0.845,0.7,3.8,4.5,1.1,1,0.4,1.1,2.9,11.9
131,Bogdan Bogdanovic,SG,25,SAC,69,44,27.5,4.4,9.8,0.447,1.7,4.2,0.397,2.7,5.6,0.484,0.532,1.4,1.6,0.856,0.4,2.5,2.9,3.3,0.9,0.2,1.6,2.1,11.8
132,Jabari Parker,PF,22,MIL,20,0,21.7,4.8,9.3,0.514,0.9,2.3,0.378,3.9,7,0.557,0.559,1.5,1.9,0.763,1.1,3.2,4.3,1.6,0.7,0.4,1.4,1.5,11.8
133,J.J. Barea,PG,33,DAL,66,8,23.5,4.4,10.1,0.437,1.7,4.6,0.366,2.7,5.5,0.496,0.52,1.2,1.5,0.79,0.2,2.7,3,6.4,0.5,0,2.1,1.2,11.7
134,Domantas Sabonis,C,21,IND,66,19,24.7,4.6,8.9,0.518,0.2,0.5,0.364,4.4,8.4,0.527,0.528,2.3,3.1,0.737,2.3,5.6,7.9,2,0.5,0.4,1.9,2.9,11.7
135,Dwyane Wade,SG,36,TOT,58,3,23.1,4.5,10.1,0.45,0.5,1.7,0.299,4,8.4,0.48,0.475,2.1,2.9,0.718,0.8,3.1,3.9,3.3,0.9,0.6,2.1,1.9,11.7
136,Thaddeus Young,PF,29,IND,72,72,32.4,5.1,10.6,0.484,0.8,2.4,0.324,4.3,8.2,0.531,0.52,0.6,1.1,0.605,2.2,3.9,6.1,2,1.7,0.4,1.3,2.2,11.6
137,Joe Ingles,SF,30,UTA,72,71,31.3,4.1,8.7,0.468,2.5,5.7,0.445,1.5,3,0.512,0.614,0.8,0.9,0.824,0.3,3.9,4.2,4.5,1.1,0.2,2,2.1,11.5
138,Markieff Morris,PF,28,WAS,62,62,27.1,4.5,9.3,0.486,1,2.8,0.38,3.5,6.5,0.531,0.543,1.5,1.8,0.818,1,4.7,5.7,1.9,0.8,0.5,1.7,3.1,11.5
139,Marco Belinelli,SG,31,TOT,69,1,23.9,3.9,9.3,0.426,1.7,4.7,0.368,2.2,4.5,0.486,0.52,1.8,2,0.919,0.3,1.5,1.8,1.8,0.8,0.1,1.1,0.9,11.4
140,Wayne Ellington,SG,30,MIA,67,2,26.7,3.7,9.3,0.405,3,7.7,0.392,0.7,1.6,0.467,0.567,0.9,1.1,0.845,0.3,2.6,3,1.1,0.7,0.1,0.7,1.2,11.4
141,De'Aaron Fox,PG,20,SAC,64,51,27.4,4.5,10.7,0.415,0.6,1.9,0.323,3.8,8.8,0.436,0.445,1.9,2.7,0.718,0.4,2.2,2.6,4.3,1,0.3,2.4,2.2,11.4
142,Kelly Olynyk,PF,26,MIA,66,22,23.7,4.1,8.3,0.499,1.3,3.6,0.37,2.8,4.7,0.599,0.58,1.8,2.3,0.77,1.2,4.5,5.6,2.7,0.8,0.5,1.9,2.9,11.4
143,Draymond Green,PF,27,GSW,62,62,32.9,4.1,9.1,0.451,1.1,3.7,0.3,3,5.4,0.555,0.512,1.9,2.5,0.768,1.2,6.7,7.9,7.3,1.4,1.4,2.8,2.6,11.3
144,Rudy Gay,PF,31,SAS,47,6,21.5,4.3,9.1,0.467,0.7,2,0.326,3.6,7.1,0.508,0.504,2,2.5,0.793,1.2,3.8,5,1.3,0.7,0.7,1.5,1.8,11.1
145,Reggie Bullock,SF,26,DET,56,46,27.6,4.2,8.6,0.492,2,4.5,0.438,2.3,4.1,0.55,0.606,0.6,0.8,0.783,0.4,2,2.4,1.5,0.8,0.2,0.8,1.2,11
146,Frank Kaminsky,PF,24,CHO,70,4,23.2,3.8,9.1,0.422,1.3,3.5,0.381,2.5,5.6,0.448,0.495,2,2.5,0.787,0.6,3,3.6,1.6,0.5,0.3,0.8,1.2,10.9
147,Terry Rozier,PG,23,BOS,71,7,25.1,3.9,9.6,0.401,1.8,4.8,0.38,2,4.8,0.421,0.496,1.4,1.8,0.75,0.8,3.7,4.5,2.7,1,0.2,1,1.6,10.9
148,Gerald Green,SG,32,HOU,31,0,20.9,3.6,9.3,0.392,2.5,6.7,0.368,1.2,2.5,0.456,0.526,1,1.3,0.78,0.4,2.5,2.9,0.5,0.6,0.4,0.5,2.1,10.8
149,Jeff Green,PF,31,CLE,68,6,23.1,3.8,7.9,0.476,0.6,2.1,0.3,3.1,5.8,0.538,0.515,2.7,3.1,0.862,0.8,2.5,3.3,1.3,0.5,0.4,1,1.9,10.8
150,Ish Smith,PG,29,DET,72,35,25.5,4.7,9.8,0.477,0.3,1,0.319,4.4,8.9,0.495,0.493,1.1,1.6,0.699,0.4,2.5,2.8,4.3,0.8,0.2,1.3,1.8,10.8
151,Trey Burke,PG,25,NYK,26,0,17.3,4.5,8.8,0.513,0.9,2.3,0.4,3.6,6.5,0.553,0.565,0.7,1.2,0.581,0.3,1.5,1.8,3.5,0.4,0.2,0.9,0.9,10.7
152,John Collins,PF,20,ATL,64,16,23.2,4.3,7.3,0.584,0.1,0.4,0.333,4.1,6.9,0.599,0.593,1.9,2.5,0.752,2.5,4.6,7.1,1.1,0.6,1.1,1.4,3,10.5
153,JaMychal Green,PF,27,MEM,51,50,27.8,4.1,9,0.456,0.7,2.3,0.325,3.4,6.7,0.501,0.498,1.5,2.1,0.733,2.7,5.6,8.3,1.5,0.6,0.4,1.4,2.7,10.5
154,Montrezl Harrell,C,24,LAC,65,3,16.1,4.3,6.8,0.629,0,0.1,0,4.3,6.7,0.635,0.629,1.9,2.9,0.649,1.4,2.6,3.9,0.8,0.5,0.7,0.9,1.9,10.5
155,Ersan Ilyasova,PF,30,TOT,58,40,24.8,3.9,8.5,0.455,1.3,3.5,0.366,2.6,5,0.517,0.53,1.4,1.8,0.8,1.6,3.7,5.3,1.2,0.9,0.3,1,2.2,10.5
156,James Johnson,PF,30,MIA,64,32,26.3,4.1,8.3,0.501,0.8,2.6,0.311,3.3,5.7,0.588,0.55,1.4,2.1,0.674,0.8,4,4.8,3.9,1,0.7,1.9,2.6,10.5
157,Jamal Crawford,SG,37,MIN,70,0,20.1,3.9,9.2,0.422,1.3,3.9,0.338,2.5,5.2,0.485,0.495,1.3,1.5,0.902,0.2,0.9,1.2,2.3,0.5,0.1,1.1,1.1,10.4
158,Pau Gasol,C,37,SAS,67,59,24.2,3.8,8.4,0.459,0.6,1.6,0.376,3.2,6.7,0.479,0.496,2.1,2.8,0.768,1.5,6.5,8.1,3.2,0.3,1.1,1.5,1.5,10.4
159,Damion Lee,SG,25,ATL,5,2,23.8,3.4,7.6,0.447,1.2,3.2,0.375,2.2,4.4,0.5,0.526,2.4,3,0.8,0.6,2.6,3.2,1.8,1.2,0,0.8,1.2,10.4
160,Trey Lyles,PF,22,DEN,65,2,19.9,3.9,8,0.489,1.2,3.2,0.385,2.7,4.8,0.558,0.566,1.4,2.1,0.696,0.8,4.2,5,1.2,0.5,0.5,0.9,1.6,10.4
161,Wilson Chandler,SF,30,DEN,65,62,31.4,3.9,8.6,0.454,1.2,3.4,0.361,2.7,5.3,0.513,0.524,1.3,1.6,0.783,1.4,3.8,5.2,2.2,0.6,0.5,1.3,2.1,10.3
162,Yogi Ferrell,SG,24,DAL,72,21,29,3.8,8.9,0.43,1.7,4.4,0.379,2.2,4.5,0.479,0.523,1,1.3,0.822,0.4,2.9,3.3,2.4,0.8,0.1,1,2,10.3
163,Joe Harris,SG,26,BRK,70,11,25.2,3.7,7.8,0.474,1.8,4.6,0.401,1.9,3.3,0.574,0.59,1,1.3,0.82,0.7,2.7,3.3,1.6,0.5,0.2,1.1,2,10.3
164,C.J. Miles,SF,30,TOR,61,3,18.9,3.3,8.5,0.395,2.5,6.5,0.38,0.9,2,0.446,0.541,1.1,1.4,0.831,0.3,1.9,2.1,0.7,0.6,0.3,0.5,1.8,10.3
165,Dillon Brooks,SF,22,MEM,72,64,28.6,3.9,8.8,0.443,1.1,3,0.372,2.8,5.8,0.48,0.506,1.3,1.6,0.763,0.6,2.4,3,1.4,0.8,0.2,1.4,3,10.2
166,George Hill,PG,31,TOT,60,53,27.3,3.6,7.7,0.461,1.3,3.1,0.422,2.3,4.6,0.487,0.546,1.8,2.3,0.779,0.7,2.1,2.8,2.8,0.9,0.4,1.4,2,10.2
167,Greg Monroe,C,27,TOT,40,14,20.1,4.3,7.3,0.59,0,0,,4.3,7.3,0.59,0.59,1.5,2.2,0.709,2.2,4.5,6.7,1.9,0.8,0.4,1.8,1.9,10.2
168,Marcus Smart,SG,23,BOS,54,11,29.9,3.5,9.5,0.367,1.4,4.6,0.301,2.1,4.9,0.429,0.44,1.8,2.5,0.729,0.8,2.7,3.5,4.8,1.3,0.4,2.4,2.5,10.2
169,Lonzo Ball,PG,20,LAL,49,47,34.1,3.8,10.9,0.351,1.8,5.8,0.305,2.1,5.1,0.402,0.432,0.6,1.3,0.462,1.3,5.7,7,7.1,1.7,0.9,2.7,2.2,10.1
170,Denzel Valentine,SG,24,CHI,71,35,27.4,3.9,9.3,0.416,1.8,4.8,0.383,2.1,4.6,0.451,0.514,0.5,0.7,0.766,0.7,4.6,5.3,3.2,0.8,0.1,1.2,2.4,10.1
171,Tyrone Wallace,PG,23,LAC,21,12,27.7,3.7,8,0.461,0.4,1.2,0.308,3.3,6.7,0.489,0.485,2.4,3,0.781,0.7,2.7,3.4,2.5,0.9,0.4,1.2,2.8,10.1
172,D.J. Augustin,PG,30,ORL,65,26,23.1,3.1,6.9,0.444,1.5,3.6,0.422,1.5,3.3,0.469,0.556,2.2,2.6,0.861,0.3,1.6,2,3.8,0.8,0,1.6,1.3,9.9
173,Dewayne Dedmon,C,28,ATL,53,37,24.2,4,7.3,0.54,0.8,2.2,0.365,3.2,5.2,0.613,0.594,1.1,1.4,0.792,1.7,5.9,7.6,1.4,0.7,0.8,1.5,2.6,9.8
174,Ryan Anderson,PF,29,HOU,61,50,26.7,3.3,7.5,0.436,2,5.3,0.386,1.2,2.2,0.556,0.572,1.1,1.4,0.773,1.5,3.7,5.1,0.9,0.4,0.3,0.7,1.9,9.7
175,Patty Mills,PG,29,SAS,72,26,24.8,3.3,8,0.41,1.8,4.9,0.373,1.5,3.2,0.467,0.523,1.2,1.4,0.878,0.3,1.6,1.9,2.7,0.7,0.2,1.3,1.5,9.6
176,Al-Farouq Aminu,PF,27,POR,58,56,29.9,3.4,8.3,0.405,1.9,4.8,0.403,1.4,3.5,0.407,0.521,0.8,1.1,0.742,1.3,6.2,7.4,1.2,1,0.6,1.1,1.9,9.5
177,Jae Crowder,SF,27,TOT,70,47,26.3,3.3,8.1,0.407,1.3,4.1,0.33,1.9,4,0.486,0.49,1.6,2,0.819,0.7,2.7,3.4,1.3,0.8,0.2,0.9,2.3,9.5
178,Kyle Korver,SG,36,CLE,69,3,21.8,3.1,6.8,0.458,2.3,5.3,0.44,0.8,1.5,0.524,0.63,0.9,1,0.884,0.1,2.1,2.2,1.2,0.4,0.4,0.7,1.7,9.4
179,Lance Stephenson,SG,27,IND,72,6,22.7,3.8,8.6,0.436,0.8,2.7,0.311,2.9,5.9,0.494,0.486,1.1,1.6,0.679,0.7,4.3,5.1,2.9,0.6,0.2,1.7,2.2,9.4
180,Andrew Harrison,PG,23,MEM,54,44,23.3,3.1,7.4,0.42,0.8,2.4,0.341,2.3,5,0.459,0.476,2.2,2.8,0.778,0.4,1.9,2.3,3,0.7,0.5,1.4,2.5,9.3
181,Mike James,PG,27,TOT,36,10,19.1,3.4,8.9,0.383,0.7,2.7,0.265,2.7,6.2,0.435,0.424,1.8,2.3,0.762,0.4,2.1,2.5,3.5,0.8,0.2,1.4,1.3,9.3
182,Michael Kidd-Gilchrist,SF,24,CHO,65,65,25.1,3.9,7.6,0.506,0,0,0,3.9,7.6,0.508,0.506,1.6,2.3,0.685,1.2,3,4.2,1,0.7,0.5,0.7,1.9,9.3
183,Larry Nance,C,25,TOT,55,22,22.5,3.9,6.5,0.602,0,0.1,0.125,3.9,6.3,0.613,0.604,1.5,2.2,0.661,2.5,4.5,7,1.3,1.4,0.6,0.9,2.8,9.3
184,Milos Teodosic,PG,30,LAC,42,33,25.1,3.3,7.9,0.414,1.9,5.1,0.377,1.4,2.8,0.483,0.536,0.8,1,0.85,0.4,2.4,2.8,4.8,0.5,0.1,2.1,2.3,9.3
185,Marvin Williams,PF,31,CHO,69,69,25.7,3.2,7.1,0.45,1.6,3.9,0.399,1.7,3.2,0.511,0.559,1.2,1.5,0.802,0.9,3.8,4.7,1.1,0.7,0.4,0.8,1.6,9.2
186,Jordan Crawford,SG,29,NOP,2,0,18.5,3.5,7,0.5,2,2.5,0.8,1.5,4.5,0.333,0.643,0,0,,1,0.5,1.5,4.5,0,0.5,2,3,9
187,Mario Hezonja,SF,22,ORL,65,22,20.7,3.5,7.8,0.446,1.1,3.3,0.327,2.4,4.5,0.533,0.515,1,1.2,0.829,0.6,2.9,3.5,1.2,1,0.3,1,1.7,9
188,Shabazz Napier,PG,26,POR,64,8,20.9,3.1,7.2,0.432,1.1,2.9,0.382,2,4.3,0.465,0.509,1.6,1.9,0.839,0.3,1.9,2.2,2.1,1.2,0.2,1.2,1.1,9
189,Derrick Rose,PG,29,TOT,21,7,17.4,3.5,7.9,0.442,0.3,1.3,0.222,3.2,6.6,0.486,0.461,1.8,2.1,0.864,0.6,1,1.6,1.6,0.2,0.2,1.5,0.7,9
190,Terrence Ross,SG,26,ORL,22,20,26.2,3.3,8,0.407,1.3,3.9,0.329,2,4.2,0.478,0.486,1.2,1.6,0.743,0.5,2.7,3.2,1.6,1.2,0.4,1.1,2,9
191,Emmanuel Mudiay,PG,21,TOT,58,13,19.8,3.3,8.4,0.388,0.8,2.4,0.321,2.5,6,0.415,0.434,1.6,2.1,0.752,0.4,1.9,2.4,3.3,0.7,0.2,1.8,1.2,8.9
192,Manu Ginobili,SG,40,SAS,56,0,20.1,3.1,7.2,0.433,0.9,3,0.319,2.2,4.3,0.513,0.499,1.6,1.9,0.849,0.3,1.8,2.1,2.5,0.7,0.3,1.6,1.9,8.8
193,Danny Green,SG,30,SAS,60,53,25.9,3.2,8.2,0.395,1.7,4.7,0.369,1.5,3.5,0.429,0.5,0.6,0.8,0.776,0.6,3,3.6,1.6,0.9,1.2,1,1.6,8.8
194,John Henson,C,27,MIL,66,59,25.7,3.7,6.5,0.576,0,0.1,0,3.7,6.4,0.581,0.576,1.3,2.2,0.597,2,4.8,6.8,1.3,0.5,1.4,1.1,2.7,8.8
195,Wayne Selden,SG,23,MEM,30,8,19,3.1,7.3,0.42,1.3,3.4,0.388,1.7,3.9,0.448,0.511,1.2,1.6,0.755,0.5,1.2,1.6,1.8,0.5,0.1,1.5,1.7,8.7
196,Isaiah Canaan,PG-SG,26,TOT,20,1,21.1,2.6,6.9,0.38,1.1,3.3,0.333,1.5,3.6,0.423,0.46,2.3,2.6,0.902,0.3,2,2.3,3.8,0.8,0.1,1.5,1.8,8.6
197,Troy Daniels,SG,26,PHO,71,7,20,2.8,7,0.405,2.2,5.6,0.397,0.6,1.4,0.434,0.564,0.7,0.8,0.883,0.1,1.3,1.4,0.6,0.3,0.1,0.7,1.8,8.6
198,Skal Labissiere,PF,21,SAC,55,23,20.1,3.4,7.4,0.455,0.3,0.7,0.4,3.1,6.7,0.461,0.474,1.6,2,0.789,1.6,3.1,4.7,1.1,0.4,0.8,1.1,2.2,8.6
199,Mike Scott,PF,29,WAS,65,1,18.1,3.6,6.6,0.538,0.8,2.1,0.407,2.7,4.6,0.598,0.602,0.6,1,0.667,0.6,2.5,3.1,1,0.3,0.2,1.1,2,8.6
200,Marcin Gortat,C,33,WAS,71,71,25.5,3.5,6.8,0.518,0,0,,3.5,6.8,0.518,0.518,1.4,2.1,0.669,2.2,5.4,7.6,1.8,0.5,0.7,1.2,2.1,8.5
201,Stanley Johnson,SF,21,DET,59,40,27.2,2.9,7.9,0.373,1,3.4,0.286,2,4.5,0.437,0.434,1.7,2.1,0.792,0.4,3.2,3.6,1.4,1.3,0.2,1.1,2.5,8.5
202,Dwight Powell,C,26,DAL,71,17,20.9,3.3,5.4,0.605,0.3,0.8,0.333,3,4.6,0.655,0.631,1.6,2.3,0.713,1.7,3.8,5.5,1.1,0.8,0.4,0.7,2.3,8.5
203,Devin Harris,PG,34,TOT,61,1,18.4,2.6,6.3,0.417,1.1,3.1,0.349,1.6,3.2,0.482,0.503,2,2.4,0.838,0.2,1.6,1.8,2.1,0.7,0.2,1.1,2.3,8.4
204,Tony Parker,PG,35,SAS,45,21,20.2,3.6,7.6,0.48,0.2,0.7,0.233,3.5,6.9,0.503,0.49,1,1.4,0.703,0.1,1.8,1.9,3.9,0.6,0,1.3,0.9,8.4
205,Cameron Payne,PG,23,CHI,14,3,21,3.4,8.1,0.416,1.3,3.4,0.375,2.1,4.6,0.446,0.496,0.4,0.5,0.714,0.6,1.7,2.3,4.1,1.2,0.5,1.2,1.6,8.4
206,Garrett Temple,SG,31,SAC,65,35,24.8,3.1,7.3,0.418,1.4,3.5,0.392,1.7,3.8,0.442,0.512,0.9,1.2,0.769,0.3,2,2.3,1.9,0.9,0.4,1.2,2.1,8.4
207,Fred VanVleet,PG,23,TOR,67,0,19.9,3,7.1,0.419,1.3,3.3,0.396,1.7,3.8,0.439,0.512,1.1,1.3,0.856,0.3,2.2,2.5,3.2,1,0.3,1,1.7,8.4
208,Delon Wright,PG,25,TOR,59,4,20.9,3,6.3,0.48,0.8,2.2,0.369,2.2,4.1,0.539,0.544,1.5,1.8,0.837,0.7,2.1,2.8,2.9,1.1,0.5,1.2,1.2,8.4
209,Jerian Grant,PG,25,CHI,63,26,22.6,2.7,6.5,0.423,0.8,2.4,0.336,1.9,4.1,0.473,0.484,2,2.6,0.764,0.4,2,2.4,4.7,0.8,0.1,1.2,1.7,8.3
210,J.R. Smith,SG,32,CLE,69,61,28.8,3,7.6,0.392,1.9,5,0.368,1.1,2.5,0.44,0.514,0.5,0.7,0.688,0.4,2.6,3,1.9,0.9,0.2,1,2.1,8.3
211,Rajon Rondo,PG,31,NOP,58,56,25.9,3.5,7.6,0.463,0.8,2.3,0.341,2.7,5.3,0.516,0.515,0.4,0.7,0.585,0.5,3.5,4,7.9,1,0.2,2.2,1.8,8.2
212,Thabo Sefolosha,SF,33,UTA,38,6,21.2,3.1,6.3,0.492,0.8,2.2,0.381,2.3,4.1,0.551,0.558,1.2,1.4,0.815,0.8,3.5,4.2,0.9,1.4,0.3,0.8,1.6,8.2
213,Jerami Grant,PF,23,OKC,72,1,20.5,3,5.7,0.527,0.4,1.4,0.273,2.6,4.3,0.608,0.56,1.8,2.8,0.643,1.1,2.9,4,0.8,0.4,0.9,0.7,2,8.1
214,Cory Joseph,PG,26,IND,72,17,27.3,3.2,7.4,0.428,0.8,2.3,0.364,2.3,5.1,0.458,0.485,0.9,1.3,0.756,0.5,2.7,3.2,3.1,1,0.2,1,1.8,8.1
215,Evan Turner,SF,29,POR,68,31,25.4,3.2,7.3,0.446,0.5,1.5,0.32,2.8,5.7,0.479,0.48,1.2,1.4,0.851,0.4,2.8,3.2,2.3,0.6,0.3,1.3,2,8.1
216,Kyle Anderson,SF,24,SAS,64,58,27,3.1,6,0.522,0.2,0.8,0.292,2.9,5.3,0.555,0.54,1.5,2,0.725,1.2,4.4,5.6,2.8,1.5,0.8,1.4,1.5,8
217,Alec Burks,SG,26,UTA,59,1,17.1,2.8,6.7,0.411,0.7,2.3,0.323,2,4.5,0.455,0.465,1.8,2.1,0.861,0.3,2.8,3.1,1.1,0.6,0.1,0.9,1.2,8
218,Alex Len,C,24,PHO,62,11,19.8,2.9,5.1,0.563,0,0,,2.9,5.1,0.563,0.563,2.2,3.2,0.701,2.5,5,7.5,1.1,0.4,1,1.1,2.3,8
219,Frank Mason,PG,23,SAC,45,2,19,2.8,7.2,0.388,0.6,1.5,0.382,2.2,5.7,0.389,0.428,1.8,2.2,0.822,0.6,1.9,2.5,2.9,0.8,0.2,1.3,1.4,8
220,Jarrett Allen,C,19,BRK,62,21,19.3,3.2,5.5,0.584,0,0.2,0.25,3.1,5.3,0.596,0.588,1.5,1.9,0.782,2.1,3.2,5.4,0.7,0.4,1,1.1,2,7.9
221,Jerryd Bayless,SG,29,PHI,39,11,23.7,2.8,6.7,0.416,1.4,3.7,0.37,1.4,3,0.474,0.519,0.9,1.1,0.795,0.4,1.7,2.1,1.4,0.6,0.2,1.2,2.3,7.9
222,Antonio Blakeney,SG,21,CHI,19,0,16.5,2.8,7.5,0.371,0.8,2.7,0.288,2,4.8,0.418,0.423,1.6,2.1,0.769,0.2,1.5,1.7,1.1,0.4,0.1,0.6,1,7.9
223,Dejounte Murray,PG,21,SAS,71,38,20.6,3.3,7.3,0.448,0.1,0.4,0.321,3.2,6.9,0.455,0.457,1.1,1.6,0.696,1.4,4.2,5.6,2.8,1.1,0.4,1.6,1.8,7.8
224,Chandler Parsons,SF,29,MEM,34,8,19.2,3,6.4,0.461,1.4,3.3,0.416,1.6,3.1,0.509,0.568,0.5,0.8,0.63,0.4,2.1,2.5,1.8,0.5,0.3,1,1.4,7.8
225,Marreese Speights,C,30,ORL,50,3,12.9,2.6,6.7,0.394,1.7,4.5,0.37,1,2.2,0.444,0.519,0.8,1.1,0.755,0.4,2.2,2.6,0.7,0.1,0.4,0.7,2,7.8
226,Dwight Buycks,PG,28,DET,28,0,15.1,2.9,7,0.418,0.5,1.6,0.333,2.4,5.4,0.444,0.457,1.3,1.5,0.878,0.4,1,1.5,2.1,0.7,0.1,1.4,1.4,7.7
227,Mario Chalmers,PG,31,MEM,59,9,22.1,2.6,6.9,0.373,0.8,2.9,0.279,1.7,3.9,0.442,0.432,1.7,2.1,0.851,0.2,2.2,2.4,3.1,1.2,0.2,1.8,2.7,7.7
228,Luc Mbah a Moute,PF,31,HOU,55,14,26,2.8,5.7,0.49,1,2.9,0.361,1.7,2.8,0.623,0.582,1.1,1.5,0.706,0.4,2.8,3.1,0.9,1,0.4,1.1,1.7,7.7
229,Doug McDermott,SF,26,TOT,72,3,22.1,2.9,6.2,0.465,1.1,2.6,0.426,1.8,3.6,0.494,0.555,0.8,1,0.784,0.6,2,2.5,1,0.2,0.2,0.7,1.5,7.7
230,Darius Miller,SF,27,NOP,73,2,23.4,2.6,5.8,0.448,1.8,4.3,0.419,0.8,1.4,0.533,0.605,0.7,0.8,0.881,0.2,1.8,2,1.4,0.3,0.2,0.7,2,7.7
231,Anthony Tolliver,PF,32,DET,69,6,20.8,2.4,5.5,0.434,1.8,4.3,0.409,0.6,1.2,0.524,0.594,1.2,1.5,0.802,0.6,2.3,2.9,1.1,0.4,0.2,0.7,1.7,7.7
232,Jarrett Jack,PG,34,NYK,58,56,25.6,3.1,7.2,0.425,0.4,1.4,0.296,2.7,5.8,0.456,0.453,1,1.2,0.829,0.3,2.7,3.1,5.7,0.6,0.1,1.9,1.6,7.6
233,Jarell Martin,PF,23,MEM,67,30,22.1,2.9,6.6,0.444,0.4,1.3,0.353,2.5,5.3,0.466,0.478,1.3,1.6,0.782,1.3,2.9,4.2,0.9,0.6,0.7,1.2,2.9,7.6
234,David Nwaba,SG,25,CHI,59,12,22.7,2.7,5.3,0.523,0.2,0.6,0.378,2.5,4.6,0.542,0.545,1.9,3,0.629,1.2,3.3,4.5,1.4,0.8,0.5,1,2.2,7.6
235,Mason Plumlee,C,27,DEN,64,26,20.3,3.1,5.2,0.593,0,0,0,3.1,5.2,0.595,0.593,1.1,2.5,0.438,1.8,3.9,5.7,2,0.7,1.1,1.5,2.5,7.3
236,Justise Winslow,SF,21,MIA,58,25,24.2,2.9,6.8,0.419,0.7,1.8,0.413,2.1,5,0.421,0.473,0.9,1.4,0.625,1,4.4,5.4,2.2,0.8,0.5,1.1,2.1,7.3
237,Ian Clark,SG,26,NOP,67,1,19.3,2.9,6.4,0.448,0.8,2.6,0.302,2.1,3.9,0.544,0.508,0.7,0.9,0.759,0.1,1.5,1.7,1.4,0.4,0.1,0.8,1.6,7.2
238,James Ennis,SF,27,TOT,63,22,23.1,2.5,5.3,0.473,0.7,2.1,0.348,1.8,3.2,0.554,0.542,1.5,1.7,0.836,1.1,2.3,3.4,1,0.7,0.3,0.8,2,7.2
239,Pascal Siakam,PF,23,TOR,71,4,20.5,3.1,6.1,0.509,0.3,1.7,0.193,2.8,4.4,0.629,0.536,0.7,1.1,0.645,1,3.5,4.5,1.9,0.8,0.5,0.8,1.9,7.2
240,Bryn Forbes,SG,24,SAS,71,12,19.3,2.7,6.4,0.423,1.2,3,0.388,1.5,3.4,0.454,0.514,0.5,0.9,0.639,0.2,1.3,1.4,0.9,0.4,0,0.5,1.4,7.1
241,Mirza Teletovic,PF,32,MIL,10,0,15.9,2.5,5.7,0.439,2.1,4.5,0.467,0.4,1.2,0.333,0.623,0,0,,0.3,2,2.3,1,0.4,0.1,0.7,1.4,7.1
242,Nick Young,SG,32,GSW,69,5,16.2,2.5,5.8,0.427,1.5,3.9,0.379,1,1.8,0.532,0.557,0.7,0.8,0.833,0.2,1.1,1.4,0.4,0.5,0.1,0.5,1.2,7.1
243,Cody Zeller,C,25,CHO,33,0,19,2.6,4.7,0.545,0.1,0.1,0.667,2.5,4.6,0.542,0.551,1.8,2.6,0.718,2,3.3,5.4,0.9,0.4,0.6,1,2.5,7.1
244,Bam Adebayo,C,20,MIA,62,17,20.2,2.6,5,0.518,0,0.1,0,2.6,4.9,0.53,0.518,1.9,2.7,0.703,1.7,3.9,5.6,1.6,0.5,0.6,0.9,2,7
245,Luke Kennard,SG,21,DET,63,5,19.2,2.6,6,0.438,1,2.6,0.401,1.6,3.4,0.465,0.524,0.7,0.8,0.868,0.3,2,2.3,1.5,0.6,0.2,0.9,1.1,7
246,Mike Muscala,C,26,ATL,43,7,18.6,2.5,5.4,0.461,1,2.6,0.398,1.4,2.8,0.521,0.558,1,1.1,0.894,1.1,3,4.1,0.8,0.7,0.5,0.8,1.7,7
247,Tomas Satoransky,SG,26,WAS,62,23,21.4,2.6,5,0.521,0.6,1.4,0.453,2,3.7,0.546,0.583,1.1,1.5,0.767,0.9,2,2.9,3.8,0.7,0.2,1,1.7,7
248,Tony Snell,SG,26,MIL,64,51,28.3,2.5,5.8,0.435,1.5,3.6,0.403,1,2.1,0.489,0.562,0.5,0.7,0.795,0.1,1.8,1.9,1.3,0.7,0.3,0.5,1.6,7
249,David West,C,37,GSW,62,0,13.7,3.1,5.2,0.594,0,0.1,0.375,3,5,0.599,0.598,0.8,1.1,0.75,0.9,2.5,3.4,1.9,0.6,1.1,1.2,1.7,7
250,Jamil Wilson,SF,27,LAC,15,10,18.3,2.5,5.4,0.469,1.8,4.2,0.429,0.7,1.2,0.611,0.636,0.1,0.3,0.5,0.2,1.9,2.1,0.7,0.3,0.5,0.5,2.3,7
251,Marquese Chriss,PF,20,PHO,64,41,20.2,2.5,6.1,0.402,0.8,2.6,0.305,1.7,3.5,0.473,0.467,1.1,2,0.576,1,4.1,5,1.1,0.7,1,1.4,2.9,6.9
252,Raymond Felton,PG,33,OKC,73,2,16.8,2.8,6.7,0.411,1,2.7,0.357,1.8,4,0.448,0.484,0.5,0.6,0.81,0.3,1.6,2,2.6,0.6,0.2,0.9,1.1,6.9
253,Al Jefferson,C,33,IND,34,1,13.6,3.1,5.8,0.531,0,0,0,3.1,5.7,0.533,0.531,0.8,0.9,0.813,0.9,3.1,3.9,0.9,0.5,0.7,0.6,1.9,6.9
254,Ben McLemore,SG,24,MEM,48,12,18.4,2.6,6.2,0.418,0.9,2.7,0.352,1.6,3.5,0.467,0.493,0.8,1,0.816,0.6,1.7,2.3,0.9,0.7,0.3,1.1,2.5,6.9
255,Kyle O'Quinn,C,27,NYK,70,4,17.3,2.8,4.7,0.594,0,0.2,0.091,2.8,4.6,0.611,0.595,1.3,1.6,0.765,1.4,4.4,5.7,2,0.5,1.2,1.3,2.5,6.9
256,Nemanja Bjelica,PF,29,MIN,57,14,19.3,2.6,5.3,0.484,1.1,2.6,0.432,1.5,2.7,0.532,0.589,0.6,0.7,0.821,0.7,3.3,4,1.3,0.6,0.2,0.8,2,6.8
257,Joe Johnson,SF,36,TOT,45,3,22,2.7,6.6,0.409,0.7,2.6,0.28,2,4,0.494,0.465,0.6,0.7,0.879,0.3,2.8,3.1,1.4,0.4,0.1,0.9,1.3,6.8
258,Jakob Poeltl,C,22,TOR,72,0,18.4,3,4.7,0.645,0,0,0.5,3,4.6,0.646,0.646,0.8,1.3,0.6,2,2.6,4.7,0.7,0.4,1.3,1,2.7,6.8
259,Nene Hilario,C,35,HOU,47,3,14.5,2.7,4.6,0.587,0,0,0,2.7,4.6,0.593,0.587,1.3,2,0.649,1,2.3,3.3,0.9,0.5,0.3,0.8,2.4,6.7
260,Justin Jackson,SF,22,SAC,59,32,21.1,2.7,6,0.46,0.8,2.5,0.322,1.9,3.4,0.562,0.528,0.4,0.6,0.706,0.4,2.3,2.7,1,0.4,0.2,0.6,1,6.7
261,Tyler Zeller,C,28,TOT,56,33,16.4,2.8,5.1,0.552,0.2,0.5,0.357,2.7,4.6,0.573,0.569,0.8,1.2,0.682,1.6,2.9,4.5,0.6,0.2,0.5,0.8,1.8,6.7
262,Quinn Cook,PG,24,GSW,22,8,16.5,2.6,5.5,0.475,1,2.4,0.396,1.6,3,0.537,0.563,0.5,0.5,0.833,0.2,1.5,1.6,1.5,0.2,0,0.8,1.4,6.6
263,Josh Hart,SG,22,LAL,55,20,21.5,2.4,5.2,0.461,1.1,2.7,0.397,1.3,2.4,0.534,0.567,0.8,1.2,0.656,0.6,3.1,3.7,1.2,0.7,0.2,0.6,1.6,6.6
264,Kosta Koufos,C,28,SAC,68,13,19.6,3.1,5.4,0.562,0,0,,3.1,5.4,0.562,0.562,0.5,1,0.443,2.1,4.6,6.6,1.2,0.7,0.5,0.7,2,6.6
265,T.J. McConnell,PG,25,PHI,65,1,23.7,2.9,5.8,0.499,0.4,0.9,0.424,2.5,4.9,0.513,0.532,0.4,0.5,0.853,0.5,2.6,3.1,4.2,1.3,0.2,1.6,1.7,6.6
266,Tyler Ulis,PG,22,PHO,61,37,21.8,2.5,6.9,0.37,0.5,1.8,0.264,2.1,5.1,0.408,0.405,1,1.2,0.816,0.3,1.3,1.6,3.9,1,0.1,1.6,1.7,6.6
267,Tyson Chandler,C,35,PHO,46,46,25,2.6,4.1,0.647,0,0,,2.6,4.1,0.647,0.647,1.3,2,0.617,2.9,6.2,9.1,1.2,0.3,0.6,1.3,2.3,6.5
268,Shelvin Mack,PG,27,ORL,59,3,19,2.4,5.6,0.436,0.6,1.8,0.356,1.8,3.8,0.473,0.492,1,1.4,0.741,0.3,2,2.3,3.7,0.8,0.1,1.3,1.3,6.5
269,Trevor Booker,PF,30,TOT,59,5,17.4,2.6,5.1,0.513,0.1,0.5,0.286,2.5,4.6,0.536,0.526,1,1.4,0.69,1.7,3.1,4.7,1.2,0.4,0.3,1,1.8,6.4
270,Josh Gray,PG,24,PHO,5,0,17.2,2.2,8.2,0.268,0.6,2.6,0.231,1.6,5.6,0.286,0.305,1.4,2.2,0.636,0.4,1.6,2,2.4,1.6,0.4,1.4,1.6,6.4
271,Jodie Meeks,SG,30,WAS,67,0,15.1,2,5.2,0.391,0.9,2.7,0.322,1.1,2.5,0.467,0.476,1.4,1.6,0.872,0.2,1.4,1.7,1,0.4,0.1,0.5,0.7,6.4
272,Davis Bertans,PF,25,SAS,68,10,15,2.2,5,0.44,1.3,3.5,0.373,0.9,1.6,0.589,0.569,0.6,0.7,0.816,0.3,1.9,2.1,1,0.4,0.4,0.5,1.3,6.3
273,Malcolm Delaney,PG,28,ATL,54,3,18.8,2,5.3,0.382,0.9,2.3,0.371,1.2,3,0.391,0.463,1.4,1.7,0.804,0.2,1.7,1.9,3,0.6,0.1,1.2,1.5,6.3
274,Maurice Harkless,SF,24,POR,57,34,21.1,2.4,4.9,0.491,0.8,1.9,0.414,1.6,2.9,0.542,0.573,0.7,1,0.719,0.7,1.9,2.7,0.8,0.8,0.7,0.7,1.7,6.3
275,Rodney Purvis,SG,23,ORL,6,0,13.2,2.3,4.7,0.5,0.8,2.5,0.333,1.5,2.2,0.692,0.589,0.8,0.8,1,0,0.5,0.5,0.3,0.2,0.3,0.8,1.3,6.3
276,Tristan Thompson,C,26,CLE,42,21,21.4,2.7,4.6,0.588,0,0,,2.7,4.6,0.588,0.588,0.9,1.6,0.545,2.3,4.2,6.5,0.6,0.4,0.4,0.7,2.1,6.3
277,Isaiah Whitehead,PG,22,BRK,16,0,11.3,2.5,5.4,0.465,0.4,1.1,0.389,2.1,4.3,0.485,0.506,0.8,1.2,0.684,0.3,1.4,1.6,1.3,0.5,0.1,1.5,1.4,6.3
278,Troy Williams,SF,23,TOT,16,0,12.6,2.5,5.2,0.482,0.4,1.7,0.222,2.1,3.5,0.607,0.518,0.9,1.6,0.6,0.9,2.1,3.1,0.4,0.8,0.2,1,1.3,6.3
279,Dragan Bender,PF,20,PHO,72,27,24.6,2.2,5.7,0.38,1.4,3.8,0.37,0.8,1.9,0.4,0.502,0.5,0.6,0.773,0.4,3.5,4,1.6,0.3,0.6,1.3,2,6.2
280,Langston Galloway,SG,26,DET,53,2,14.7,2.2,5.7,0.38,1.3,3.7,0.347,0.9,2,0.439,0.492,0.5,0.6,0.794,0.2,1.3,1.5,1,0.6,0.1,0.3,0.7,6.1
281,Markelle Fultz,SG,19,PHI,4,0,19,2.3,6.8,0.333,0,0,,2.3,6.8,0.333,0.333,1.5,3,0.5,0.8,1.5,2.3,1.8,0.5,0.3,1.5,1.5,6
282,Aaron Harrison,G,23,DAL,1,0,20,2,5,0.4,0,2,0,2,3,0.667,0.4,2,3,0.667,1,1,2,1,1,1,0,4,6
283,Andre Iguodala,SF,34,GSW,59,7,25.5,2.3,4.9,0.467,0.5,1.7,0.267,1.8,3.2,0.574,0.514,0.9,1.5,0.64,0.8,3.1,3.9,3.3,0.8,0.6,1.1,1.5,6
284,Jahlil Okafor,C,22,TOT,27,0,12.4,2.6,4.8,0.543,0,0.1,0,2.6,4.7,0.556,0.543,0.8,1.1,0.724,0.7,2.2,3,0.4,0.1,0.6,0.8,1.9,6
285,Justin Anderson,SF,24,PHI,32,0,13.9,2.2,5.2,0.43,0.9,2.6,0.341,1.3,2.6,0.518,0.515,0.6,0.8,0.704,0.6,1.8,2.4,0.6,0.4,0.2,0.4,1.5,5.9
286,Gorgui Dieng,C,28,MIN,69,0,17.2,2.3,4.9,0.472,0.2,0.7,0.265,2.1,4.2,0.507,0.491,1.1,1.4,0.768,1.3,3.2,4.5,1,0.6,0.5,0.8,1.9,5.9
287,Kenneth Faried,PF,28,DEN,32,7,14.4,2.4,4.6,0.514,0,0,0,2.4,4.6,0.517,0.514,1.1,1.6,0.706,2.1,2.7,4.8,0.6,0.4,0.4,0.7,1.6,5.9
288,P.J. Tucker,SF,32,HOU,72,24,27.8,2,5.2,0.388,1.3,3.5,0.37,0.7,1.6,0.427,0.515,0.6,0.8,0.724,1.2,4.4,5.6,0.9,1,0.3,0.9,2.6,5.9
289,C.J. Williams,SG,27,LAC,30,15,19.7,2.4,5.4,0.448,0.7,2.2,0.313,1.7,3.2,0.542,0.512,0.4,0.5,0.786,0.4,1.1,1.5,1,0.9,0.4,0.6,1.8,5.9
290,OG Anunoby,SF,20,TOR,64,52,20.2,2.1,4.7,0.456,1,2.7,0.357,1.2,2,0.591,0.559,0.5,0.8,0.66,0.6,1.8,2.4,0.8,0.8,0.2,0.6,1.7,5.8
291,Richaun Holmes,C,24,PHI,37,2,14.8,2.5,4.8,0.52,0.1,0.8,0.138,2.4,4,0.595,0.531,0.8,1.1,0.683,1.2,3.2,4.4,1.2,0.4,0.6,0.6,2,5.8
292,Timothe Luwawu-Cabarrot,SF,22,PHI,52,7,15.5,1.9,5.1,0.375,1,3,0.335,0.9,2.1,0.431,0.474,0.9,1.1,0.793,0.3,1.1,1.4,1,0.2,0.1,0.7,1.9,5.8
293,Rodney McGruder,SG,26,MIA,11,0,19.3,2.4,4.5,0.52,0.9,2.2,0.417,1.5,2.4,0.615,0.62,0.2,0.4,0.5,0.5,1.2,1.7,0.9,0.5,0.2,0.3,1.3,5.8
294,Zaza Pachulia,C,33,GSW,60,52,14.6,2.3,4,0.575,0,0,0,2.3,4,0.577,0.575,1.2,1.5,0.805,1.3,3.6,4.9,1.7,0.6,0.2,1,1.9,5.8
295,Norman Powell,SG,24,TOR,61,17,16,2.3,5.6,0.407,0.8,2.7,0.296,1.5,2.9,0.508,0.478,0.5,0.6,0.821,0.2,1.5,1.7,1.3,0.5,0.2,1,1.8,5.8
296,Xavier Rathan-Mayes,SG,23,MEM,5,0,23.6,2.4,8.4,0.286,0.2,2.8,0.071,2.2,5.6,0.393,0.298,0.8,1.8,0.444,0,1,1,3.6,1.2,0.6,2.2,3.6,5.8
297,Omri Casspi,SF,29,GSW,53,7,14,2.3,3.9,0.58,0.2,0.4,0.455,2.1,3.5,0.595,0.604,0.9,1.3,0.725,0.6,3.2,3.8,1,0.3,0.4,0.7,1.3,5.7
298,Pat Connaughton,SG,25,POR,71,5,18.2,2.1,4.9,0.434,0.9,2.6,0.364,1.2,2.3,0.512,0.53,0.5,0.6,0.854,0.4,1.5,1.9,1.2,0.3,0.3,0.5,1.4,5.7
299,Tyler Dorsey,SG,21,ATL,46,5,15.5,2,5.8,0.346,1,3.1,0.333,1,2.7,0.361,0.436,0.7,0.9,0.714,0.3,1.9,2.2,1.4,0.3,0.1,0.5,0.9,5.7
300,Jonas Jerebko,PF,30,UTA,64,19,15.7,2.1,4.7,0.452,0.8,2.1,0.403,1.3,2.6,0.491,0.542,0.7,0.8,0.792,0.8,2.7,3.5,0.6,0.4,0.2,0.4,1.8,5.7
301,Isaiah Taylor,PG,23,ATL,57,2,15.6,2,4.8,0.428,0.2,0.9,0.259,1.8,3.8,0.47,0.454,1.4,2,0.693,0.3,1,1.3,2.6,0.5,0.2,1,1.6,5.7
302,Jameel Warney,PF,24,DAL,3,0,9,2.3,4,0.583,0,0,,2.3,4,0.583,0.583,1,1.7,0.6,1.3,1.7,3,0,0,0,0.3,0.7,5.7
303,Andrew White,SF,24,ATL,10,0,15.2,2.1,4.9,0.429,1.4,3.3,0.424,0.7,1.6,0.438,0.571,0.1,0.4,0.25,0.4,2,2.4,0.4,0.2,0.1,0.5,1,5.7
304,Quincy Acy,PF,27,BRK,63,8,19.5,1.7,5.1,0.341,1.4,4.1,0.335,0.4,1,0.364,0.474,0.7,0.9,0.821,0.6,3.2,3.8,0.8,0.5,0.4,0.9,2.1,5.6
305,Aron Baynes,C,31,BOS,70,56,17.9,2.4,5.2,0.461,0,0.2,0,2.4,5,0.476,0.461,0.8,1.1,0.743,1.5,3.7,5.2,1,0.3,0.7,1,2.4,5.6
306,Bismack Biyombo,C,25,ORL,72,23,18.6,2.2,4.2,0.523,0,0,0,2.2,4.2,0.525,0.523,1.3,1.9,0.655,1.8,4,5.8,0.8,0.3,1.2,1,1.9,5.6
307,Deyonta Davis,C,21,MEM,52,4,14.2,2.5,4,0.619,0,0,,2.5,4,0.619,0.619,0.6,0.9,0.711,1.2,2.6,3.8,0.6,0.2,0.6,0.5,2,5.6
308,Wesley Johnson,SF,30,LAC,64,33,20.8,2.1,5.1,0.404,0.8,2.5,0.323,1.3,2.7,0.48,0.482,0.6,0.9,0.745,0.4,2.7,3.1,0.8,1,0.9,0.8,2,5.6
309,Frank Ntilikina,PG,19,NYK,69,3,20.8,2.1,6,0.357,0.6,1.9,0.32,1.5,4.1,0.373,0.407,0.7,1,0.716,0.4,1.7,2.1,3.1,0.8,0.2,1.7,2.3,5.6
310,Vince Carter,SF,41,SAC,49,4,17.8,2,5,0.407,1,2.9,0.355,1,2.1,0.48,0.51,0.4,0.6,0.71,0.3,2.1,2.4,1.2,0.8,0.5,0.6,1.7,5.5
311,Dante Cunningham,SF,30,TOT,64,25,21.6,2.1,4.7,0.454,0.8,2.2,0.36,1.4,2.5,0.534,0.536,0.4,0.7,0.596,1,3,4,0.6,0.6,0.3,0.4,1.5,5.5
312,Ed Davis,C,28,POR,71,0,19.1,2.3,3.8,0.59,0,0,,2.3,3.8,0.59,0.59,1,1.5,0.664,2.5,5.1,7.6,0.5,0.5,0.7,0.8,2.4,5.5
313,Shaun Livingston,PG,32,GSW,62,7,15.8,2.4,4.8,0.502,0,0,0,2.4,4.7,0.507,0.502,0.7,0.9,0.83,0.4,1.4,1.8,2,0.5,0.3,0.8,1.7,5.5
314,Boban Marjanovic,C,29,TOT,30,1,8.3,1.9,3.7,0.518,0,0,,1.9,3.7,0.518,0.518,1.7,2,0.833,1,2.2,3.2,0.6,0.3,0.3,1,1.3,5.5
315,Kobi Simmons,PG,20,MEM,22,5,18.5,2.3,5.5,0.413,0.2,1,0.238,2,4.5,0.45,0.434,0.7,0.7,1,0.5,1.3,1.7,1.8,0.6,0.2,1.1,1.9,5.5
316,Luke Babbitt,SF,28,TOT,47,13,14.5,1.9,4.4,0.439,1.3,3.1,0.404,0.7,1.3,0.525,0.583,0.4,0.5,0.773,0.1,1.8,2,0.6,0.2,0.1,0.4,1.1,5.4
317,Myke Henry,SF,25,MEM,15,0,18.6,2,5.2,0.385,1,2.9,0.349,1,2.3,0.429,0.481,0.4,0.7,0.6,0.5,1.2,1.7,1.1,1.4,0.3,0.9,1.4,5.4
318,Brandon Jennings,PG,28,MIL,5,0,14,2,4,0.5,0.8,2,0.4,1.2,2,0.6,0.6,0.6,0.6,1,0.6,1.6,2.2,4.6,0.2,0.6,1.2,0.8,5.4
319,Jon Leuer,PF,28,DET,8,0,17,1.9,4.5,0.417,0,0.4,0,1.9,4.1,0.455,0.417,1.6,1.9,0.867,0.9,3.1,4,0.6,0.1,0.4,0.9,2,5.4
320,Daniel Theis,C,25,BOS,63,3,14.9,2,3.7,0.541,0.3,0.9,0.31,1.7,2.8,0.617,0.579,1,1.3,0.753,1.4,2.9,4.3,0.9,0.5,0.8,0.9,2.5,5.3
321,Shaquille Harrison,PG,24,PHO,13,1,14.3,1.8,4.5,0.414,0.2,1.1,0.214,1.6,3.4,0.477,0.44,1.2,1.7,0.682,0.4,2.6,3,1.8,1,0.5,0.8,2,5.1
322,Malik Monk,SG,19,CHO,54,0,12.2,1.8,5.7,0.321,1,3.2,0.31,0.8,2.5,0.336,0.409,0.4,0.5,0.778,0.1,0.9,1,1.2,0.3,0.1,0.5,0.9,5.1
323,Emeka Okafor,C,35,NOP,19,16,15.6,2.2,4.3,0.506,0,0,,2.2,4.3,0.506,0.506,0.8,1,0.789,1.9,3.1,5,0.3,0.4,1.3,0.4,1.4,5.1
324,Jack Cooley,PF,26,SAC,2,0,5,2,3.5,0.571,0,0,,2,3.5,0.571,0.571,1,1,1,1.5,0.5,2,1,0,0,0,1,5
325,Jawun Evans,PG,21,LAC,46,4,16.8,1.9,5.5,0.352,0.3,1.2,0.278,1.6,4.3,0.372,0.381,0.8,1.1,0.776,0.2,1.6,1.8,2.2,0.8,0.1,1,2.1,5
326,Dante Exum,PG,22,UTA,4,0,13.5,1.8,5,0.35,0,0.8,0,1.8,4.3,0.412,0.35,1.5,2,0.75,0.3,1.3,1.5,1.8,0.8,0,1,1.5,5
327,Cristiano Felicio,C,25,CHI,45,8,16,2.1,3.4,0.621,0,0,0,2.1,3.4,0.625,0.621,0.8,1.3,0.638,1.1,2.2,3.3,0.9,0.2,0.2,0.8,1.9,5
328,Jonathan Isaac,PF,20,ORL,25,8,19.8,2,5.2,0.38,0.5,1.5,0.342,1.4,3.6,0.396,0.43,0.6,0.8,0.714,0.6,3,3.6,0.6,1.2,1.2,1,1.8,5
329,Maxi Kleber,PF,26,DAL,62,35,16.1,2,4.2,0.473,0.5,1.6,0.29,1.5,2.5,0.589,0.529,0.6,0.9,0.736,1,1.9,2.9,0.7,0.4,0.6,0.4,1.6,5
330,Andre Roberson,SG,26,OKC,39,39,26.6,2.2,4.2,0.537,0.2,0.9,0.222,2,3.2,0.627,0.562,0.3,1,0.316,1.9,2.8,4.7,1.2,1.2,0.9,0.8,2.3,5
331,Brandan Wright,PF,30,TOT,28,1,13.6,2.1,3.6,0.578,0,0,,2.1,3.6,0.578,0.578,0.8,1.2,0.636,1.2,2.2,3.4,0.5,0.5,0.9,0.3,1.1,5
332,DeAndre' Bembry,SF,23,ATL,21,0,17.3,1.9,4.8,0.396,0.4,1.1,0.333,1.5,3.7,0.416,0.436,0.7,1.2,0.6,0.4,2.3,2.7,1.5,0.6,0.5,1.8,1.5,4.9
333,Tyus Jones,PG,21,MIN,72,10,17.7,1.8,3.9,0.463,0.5,1.5,0.349,1.3,2.5,0.531,0.528,0.8,0.9,0.891,0.2,1.5,1.7,2.6,1.1,0.1,0.7,1.4,4.9
334,Luke Kornet,PF,22,NYK,10,1,12,1.9,5.4,0.352,1,3.5,0.286,0.9,1.9,0.474,0.444,0.1,0.2,0.5,0.9,2,2.9,0.7,0.3,0.9,0.2,0.7,4.9
335,Ian Mahinmi,C,31,WAS,68,0,15,1.8,3.1,0.57,0,0,0,1.8,3.1,0.575,0.57,1.3,1.8,0.717,1.8,2.3,4.1,0.7,0.5,0.6,1.3,3.1,4.9
336,Thon Maker,C,20,MIL,69,12,17,1.8,4.3,0.42,0.4,1.4,0.306,1.4,2.9,0.477,0.471,0.9,1.2,0.706,1,2.1,3.2,0.6,0.5,0.7,0.6,2.2,4.9
337,Jameer Nelson,PG,35,TOT,50,0,20.3,1.9,4.9,0.389,0.8,2.5,0.331,1.1,2.4,0.45,0.473,0.3,0.4,0.8,0.3,1.8,2.1,3.6,0.5,0.1,1.3,1.6,4.9
338,Ramon Sessions,PG,31,TOT,20,3,15.1,1.6,4.8,0.323,0.3,1.1,0.286,1.3,3.8,0.333,0.354,1.5,1.9,0.763,0.2,1.2,1.4,2.6,0.6,0.1,1.2,1.3,4.9
339,Corey Brewer,SF,31,TOT,63,9,15.1,1.8,3.9,0.456,0.3,1.2,0.273,1.5,2.7,0.538,0.498,0.9,1.2,0.757,0.4,1.4,1.9,0.9,1,0.2,0.7,1.8,4.8
340,Tyler Cavanaugh,PF,23,ATL,35,1,13.7,1.7,3.9,0.445,0.8,2.3,0.354,0.9,1.6,0.582,0.551,0.5,0.6,0.81,1.1,2.1,3.3,0.8,0.3,0.1,0.3,1.7,4.8
341,Channing Frye,C,34,TOT,45,1,12.4,1.9,3.8,0.5,0.7,2,0.341,1.2,1.8,0.684,0.591,0.3,0.3,0.933,0.2,2.2,2.4,0.6,0.4,0.3,0.4,1.2,4.8
342,Johnny O'Bryant,PF,24,CHO,36,0,10.5,1.9,4.8,0.398,0.4,1.2,0.326,1.5,3.6,0.422,0.439,0.6,0.7,0.84,0.8,1.8,2.6,0.4,0.2,0.2,0.4,1.3,4.8
343,Travis Wear,SF,27,LAL,10,0,12.1,1.6,4.2,0.381,1.2,3,0.4,0.4,1.2,0.333,0.524,0.4,0.4,1,0,2.2,2.2,0.2,0.1,0.4,0.4,2.1,4.8
344,Alex Abrines,SG,24,OKC,67,8,15.1,1.6,3.9,0.394,1.1,2.9,0.383,0.4,1,0.426,0.536,0.5,0.6,0.872,0.4,1.2,1.6,0.4,0.5,0.1,0.4,1.6,4.7
345,Tony Allen,SF,36,NOP,22,0,12.4,2,4.1,0.484,0.2,0.5,0.333,1.8,3.6,0.506,0.505,0.5,1,0.524,0.9,1.2,2.1,0.4,0.5,0.1,0.9,2.2,4.7
346,Jordan Bell,C,23,GSW,46,11,14.2,2,3.2,0.644,0,0.1,0,2,3.1,0.657,0.644,0.6,0.8,0.692,1.1,2.6,3.6,1.8,0.7,1,0.9,1.8,4.7
347,Cheick Diallo,PF,21,NOP,43,0,10.6,1.9,3.4,0.562,0,0,,1.9,3.4,0.562,0.562,0.9,1.2,0.784,0.8,3,3.8,0.3,0.2,0.4,0.5,1.4,4.7
348,Jaylen Morris,SG,22,ATL,6,0,16.3,2.2,5.2,0.419,0.3,1.5,0.222,1.8,3.7,0.5,0.452,0,0,,0.3,2.3,2.7,1.2,0.3,0.2,1,0.3,4.7
349,Royce O'Neale,SF,24,UTA,59,3,15.7,1.6,4.1,0.394,0.6,1.7,0.343,1,2.4,0.432,0.467,0.9,1.2,0.809,0.4,2.8,3.2,1.3,0.5,0.2,0.8,1.4,4.7
350,Michael Carter-Williams,PG,26,CHO,52,2,16.1,1.5,4.4,0.332,0.3,1.1,0.237,1.2,3.3,0.365,0.362,1.4,1.7,0.82,0.7,1.9,2.7,2.2,0.8,0.4,1,1.9,4.6
351,Torrey Craig,SF,27,DEN,29,4,16,1.7,3.7,0.463,0.4,1.5,0.302,1.3,2.2,0.569,0.523,0.7,1.1,0.645,1,2.1,3.1,0.6,0.3,0.2,0.4,1.5,4.6
352,Danuel House,SG,24,PHO,16,0,12.1,1.6,4.2,0.373,0.5,1.9,0.258,1.1,2.3,0.472,0.433,1,1.2,0.842,0.6,1.8,2.3,0.5,0.3,0.1,0.3,0.9,4.6
353,Raul Neto,PG,25,UTA,39,0,12.3,1.7,3.8,0.456,0.5,1.2,0.413,1.2,2.6,0.475,0.52,0.7,0.8,0.788,0.2,1,1.2,1.8,0.3,0.1,0.8,0.9,4.6
354,Willie Reed,C,27,TOT,42,5,10.2,1.9,2.9,0.669,0,0,0.5,1.9,2.8,0.672,0.674,0.8,1.3,0.582,0.8,2,2.9,0.2,0.2,0.5,0.5,1.3,4.6
355,Treveon Graham,SG,24,CHO,60,2,16.8,1.6,3.6,0.435,0.7,1.6,0.406,0.9,2,0.458,0.525,0.7,1,0.719,0.6,1.3,1.9,0.9,0.5,0,0.5,1.7,4.5
356,Marcus Paige,PG,24,CHO,2,0,7.5,1.5,4,0.375,0.5,1.5,0.333,1,2.5,0.4,0.438,1,1,1,0,1.5,1.5,1,0,0,0,0,4.5
357,JaKarr Sampson,SF,24,SAC,15,3,15.1,1.9,2.9,0.659,0.3,0.5,0.714,1.6,2.5,0.649,0.716,0.3,0.5,0.625,0.9,2.7,3.6,0.5,0.4,0.9,0.4,2.5,4.5
358,Noah Vonleh,PF,22,TOT,47,14,15.4,1.8,3.9,0.454,0.3,1,0.34,1.4,2.9,0.493,0.497,0.7,1,0.66,1.2,4.3,5.4,0.6,0.2,0.3,0.5,1.2,4.5
359,Sterling Brown,SG,22,MIL,46,3,14.9,1.7,3.9,0.425,0.7,1.7,0.385,1,2.2,0.456,0.508,0.4,0.5,0.864,0.5,2.3,2.8,0.5,0.7,0.2,0.5,1.5,4.4
360,Zach Collins,C,20,POR,55,1,15.5,1.7,4.3,0.402,0.5,1.6,0.341,1.2,2.7,0.438,0.466,0.4,0.6,0.629,0.7,2.7,3.4,0.7,0.3,0.5,0.9,2.1,4.4
361,Matthew Dellavedova,PG,27,MIL,37,3,19,1.5,4,0.369,0.8,2.1,0.377,0.7,1.9,0.361,0.466,0.6,0.7,0.92,0.4,1.4,1.7,3.8,0.4,0,1.3,1.8,4.4
362,Amir Johnson,C,30,PHI,64,10,15.1,1.8,3.3,0.538,0.1,0.4,0.308,1.7,2.9,0.57,0.557,0.7,1.2,0.584,1.7,2.6,4.3,1.3,0.6,0.6,0.8,2.5,4.4
363,Sean Kilpatrick,SG,28,TOT,43,0,9.9,1.5,4.3,0.339,0.6,2.2,0.284,0.8,2.1,0.396,0.411,0.9,0.9,0.95,0,1.4,1.4,0.8,0.2,0,0.6,0.6,4.4
364,Ivan Rabb,PF,20,MEM,29,1,11.7,1.9,3.3,0.589,0,0,,1.9,3.3,0.589,0.589,0.6,0.8,0.773,1.2,2.1,3.4,0.8,0.3,0.2,0.9,1.3,4.4
365,Iman Shumpert,SG,27,CLE,14,6,19.7,1.6,4.1,0.379,0.5,1.9,0.269,1.1,2.3,0.469,0.44,0.8,1.1,0.733,0.5,2.4,2.9,1.2,0.6,0.3,1.2,1.6,4.4
366,Joffrey Lauvergne,C,26,SAS,50,1,10.1,1.9,3.6,0.52,0,0.1,0,1.9,3.5,0.534,0.52,0.6,0.9,0.651,1.2,2.1,3.3,0.8,0.2,0.1,0.6,0.9,4.3
367,JaVale McGee,C,30,GSW,55,13,9.2,1.9,2.9,0.638,0,0.1,0,1.9,2.8,0.662,0.638,0.6,0.8,0.773,0.7,1.7,2.3,0.5,0.3,0.9,0.4,1.4,4.3
368,Nerlens Noel,C,23,DAL,26,6,14.7,1.8,3.5,0.511,0,0,0,1.8,3.4,0.517,0.511,0.8,1,0.769,1.7,3.4,5,0.6,1,0.7,0.8,2,4.3
369,Miles Plumlee,C,29,ATL,48,34,16.6,1.9,3.4,0.574,0,0,,1.9,3.4,0.574,0.574,0.5,1,0.44,1.3,2.6,4,0.8,0.3,0.6,1.2,1.5,4.3
370,Willy Hernangomez,C,23,TOT,39,1,8.8,1.7,3.1,0.545,0.1,0.2,0.333,1.6,2.9,0.563,0.558,0.7,1.4,0.528,1,1.9,2.9,0.6,0.3,0.3,0.8,1.2,4.2
371,Adreian Payne,PF,26,ORL,5,0,8.6,1.4,2,0.7,0.4,0.6,0.667,1,1.4,0.714,0.8,1,1.2,0.833,0.4,1.4,1.8,0,0.4,0,0.4,1.2,4.2
372,Jose Calderon,PG,36,CLE,48,27,15.6,1.5,2.9,0.504,0.8,1.6,0.474,0.7,1.4,0.538,0.631,0.4,0.5,0.769,0.2,1.3,1.5,2.1,0.5,0,0.7,1.4,4.1
373,Sam Dekker,PF,23,LAC,64,1,12.3,1.7,3.6,0.478,0.1,0.9,0.155,1.6,2.7,0.586,0.498,0.5,0.8,0.694,0.6,1.7,2.3,0.5,0.3,0.1,0.4,1,4.1
374,Nik Stauskas,SG,24,TOT,35,0,12.2,1.3,3.4,0.383,0.9,2.3,0.407,0.4,1.1,0.333,0.521,0.5,0.6,0.773,0.1,1.4,1.5,0.8,0.2,0.1,0.6,0.5,4.1
375,Paul Zipser,SF,23,CHI,53,12,15.2,1.5,4.4,0.349,0.7,2.1,0.339,0.8,2.3,0.358,0.429,0.4,0.5,0.731,0.2,2.2,2.5,0.8,0.4,0.3,0.8,1.6,4.1
376,Dorian Finney-Smith,PF,24,DAL,13,5,15.8,1.5,3.5,0.422,0.7,2.2,0.321,0.8,1.3,0.588,0.522,0.4,0.5,0.714,0.8,1.9,2.8,0.8,0.2,0.2,0.8,2,4
377,Isaiah Hicks,PF,23,NYK,10,0,13.3,1.7,3.7,0.459,0.1,0.6,0.167,1.6,3.1,0.516,0.473,0.5,0.8,0.625,0.6,1.7,2.3,0.4,0.2,0.2,0.9,2.7,4
378,Shane Larkin,PG,25,BOS,46,1,12.6,1.4,3.6,0.4,0.6,1.5,0.382,0.9,2.1,0.412,0.479,0.6,0.6,0.897,0.2,1.1,1.3,1.3,0.5,0,0.6,1,4
379,Timofey Mozgov,C,31,BRK,28,14,12.1,1.6,3,0.529,0.1,0.6,0.222,1.5,2.4,0.612,0.553,0.7,0.9,0.76,1,2.1,3.1,0.3,0.2,0.4,1.1,1.3,4
380,Shabazz Muhammad,SF-SG,25,TOT,36,2,9.3,1.6,3.8,0.42,0.1,0.5,0.211,1.5,3.3,0.454,0.435,0.7,0.9,0.706,0.5,1,1.5,0.3,0.2,0.1,0.2,0.7,4
381,Lance Thomas,PF,29,NYK,65,26,18.5,1.4,3.5,0.389,0.7,1.7,0.394,0.7,1.8,0.383,0.483,0.6,0.7,0.851,0.6,1.8,2.4,0.6,0.4,0.2,0.6,1.8,4
382,Jordan Mickey,PF,23,MIA,21,2,12.1,1.6,3.4,0.472,0,0.6,0.077,1.6,2.8,0.559,0.479,0.5,0.8,0.688,0.8,2.8,3.6,0.4,0.2,0.4,0.8,1.6,3.8
383,Patrick Patterson,PF,28,OKC,73,3,15.8,1.3,3.3,0.385,0.8,2.1,0.368,0.5,1.2,0.414,0.502,0.5,0.6,0.86,0.4,2,2.4,0.7,0.6,0.3,0.4,1.1,3.8
384,Joe Young,PG,25,IND,50,1,10.4,1.5,3.4,0.433,0.4,1.2,0.367,1,2.2,0.468,0.497,0.4,0.6,0.759,0.2,1,1.2,0.7,0.3,0,0.5,0.7,3.8
385,Kay Felder,PG,22,TOT,15,0,9.1,1.3,4.5,0.294,0.3,1.3,0.211,1.1,3.3,0.327,0.324,0.7,0.8,0.917,0.1,0.9,1,1.3,0.2,0.1,1.1,0.7,3.7
386,Patrick McCaw,SG,22,GSW,52,6,15.8,1.5,3.5,0.431,0.3,1.3,0.242,1.2,2.2,0.539,0.475,0.4,0.5,0.704,0.3,1.1,1.4,1.4,0.8,0.2,0.7,1.1,3.7
387,Tarik Black,C,26,HOU,42,1,10.3,1.5,2.6,0.587,0,0.2,0,1.5,2.4,0.634,0.587,0.5,1.2,0.46,1.3,1.7,3,0.2,0.4,0.6,0.7,2.2,3.6
388,Johnathan Motley,PF,22,DAL,5,0,6,1.4,2.2,0.636,0,0,,1.4,2.2,0.636,0.636,0.8,2.2,0.364,0.4,2.2,2.6,0.4,0,0.4,0.6,0.4,3.6
389,Cedi Osman,SF,22,CLE,54,9,10.5,1.4,2.8,0.51,0.5,1.2,0.391,0.9,1.6,0.6,0.594,0.4,0.6,0.576,0.3,1.6,1.9,0.5,0.3,0.1,0.5,1.3,3.6
390,Sindarius Thornwell,SG,23,LAC,62,15,15.1,1.3,2.9,0.431,0.3,0.8,0.346,1,2.1,0.465,0.481,0.8,1.1,0.704,0.4,1.3,1.7,0.7,0.7,0.3,0.7,1.6,3.6
391,Ante Zizic,C,21,CLE,25,2,7,1.5,2.2,0.704,0,0,,1.5,2.2,0.704,0.704,0.6,0.8,0.75,0.8,1.2,2,0.2,0,0.5,0.4,1,3.6
392,Kevon Looney,C,21,GSW,56,1,12,1.5,2.5,0.586,0,0,0,1.5,2.5,0.594,0.586,0.6,1.1,0.5,1.2,1.7,2.9,0.5,0.4,0.7,0.4,1.5,3.5
393,Salah Mejri,C,31,DAL,58,1,11.8,1.5,2.2,0.659,0,0.1,0,1.5,2.2,0.675,0.659,0.6,1,0.569,1.4,2.7,4.1,0.5,0.4,1.1,0.6,2,3.5
394,Wesley Iwundu,SF,23,ORL,54,4,14.9,1.4,3.1,0.444,0.1,0.6,0.2,1.3,2.6,0.496,0.462,0.5,0.7,0.778,0.5,1.6,2.1,0.9,0.5,0.2,0.4,1.2,3.4
395,"Walt Lemon, Jr.",PG,25,NOP,5,0,7,1.4,3.2,0.438,0.2,0.2,1,1.2,3,0.4,0.469,0.4,0.6,0.667,0,0.4,0.4,1,0,0.2,0.8,1,3.4
396,Malachi Richardson,SG,22,TOT,26,4,12.5,1.2,3.5,0.333,0.5,1.5,0.3,0.7,1.9,0.36,0.4,0.7,0.8,0.773,0.2,1.1,1.3,0.5,0.4,0,0.4,1,3.4
397,Jason Smith,C,31,WAS,28,2,8.8,1.4,3.6,0.38,0.1,1,0.143,1.2,2.6,0.472,0.4,0.5,0.6,0.882,0.6,1,1.6,0.5,0.1,0.4,0.5,1.4,3.4
398,Arron Afflalo,SG,32,ORL,49,3,13,1.2,3.1,0.393,0.5,1.3,0.381,0.7,1.8,0.402,0.473,0.4,0.5,0.846,0.1,1.2,1.3,0.6,0.1,0.2,0.4,1.1,3.3
399,Juan Hernangomez,PF,22,DEN,22,3,11.4,1.2,3,0.388,0.5,1.9,0.262,0.7,1.1,0.6,0.47,0.5,0.5,0.833,0.8,1.6,2.4,0.4,0.3,0.1,0.4,0.9,3.3
400,Jalen Jones,SF,24,TOT,11,0,8.8,1.2,2.9,0.406,0.4,0.8,0.444,0.8,2.1,0.391,0.469,0.5,0.7,0.75,0.7,1.5,2.2,0.2,0.2,0,0.3,1.2,3.3
401,Meyers Leonard,C,25,POR,27,2,7.6,1.3,2.3,0.581,0.3,0.8,0.429,1,1.5,0.659,0.653,0.3,0.4,0.8,0.4,1.7,2,0.5,0.2,0,0.3,1,3.3
402,Monte Morris,PG,22,DEN,3,0,8.3,1.3,2,0.667,0,0.3,0,1.3,1.7,0.8,0.667,0.7,0.7,1,0,0.7,0.7,2.3,1,0,0.3,0.3,3.3
403,Okaro White,PF,25,MIA,6,4,13.3,1.2,2.7,0.438,0.7,1.8,0.364,0.5,0.8,0.6,0.563,0.3,0.5,0.667,0.5,1.3,1.8,0.3,0.2,0.2,0.2,1,3.3
404,Malik Beasley,SG,21,DEN,59,0,9.7,1.2,3,0.403,0.4,1.4,0.325,0.8,1.6,0.469,0.477,0.3,0.5,0.69,0.2,1,1.2,0.5,0.3,0.1,0.4,0.6,3.2
405,Jared Dudley,PF,32,PHO,41,0,14.1,1,2.5,0.396,0.7,1.7,0.397,0.3,0.8,0.394,0.53,0.6,0.7,0.828,0.2,1.7,1.9,1.7,0.5,0.2,0.6,1.8,3.2
406,Abdel Nader,SF,24,BOS,37,0,10.5,1,3,0.345,0.6,1.5,0.375,0.5,1.5,0.315,0.441,0.5,0.9,0.606,0.3,1.2,1.5,0.6,0.3,0.2,0.7,1,3.2
407,Derrick White,PG,23,SAS,17,0,8.2,0.9,1.9,0.485,0.5,0.8,0.615,0.5,1.2,0.4,0.606,0.8,1.2,0.7,0.3,1.2,1.5,0.5,0.2,0.2,0.4,0.5,3.2
408,Khem Birch,C,25,ORL,32,0,12.6,1.3,2.5,0.506,0,0,,1.3,2.5,0.506,0.506,0.6,1,0.625,1.4,2.2,3.6,0.7,0.3,0.4,0.5,1.3,3.1
409,Tyler Ennis,PG,23,LAL,43,11,10.5,1.3,3.2,0.396,0.2,0.9,0.243,1.1,2.4,0.451,0.428,0.3,0.5,0.7,0.3,1.2,1.4,1.5,0.4,0.1,0.5,1.3,3.1
410,Tim Frazier,PG,27,WAS,53,11,14.8,1.2,3,0.398,0.3,1,0.296,0.9,2,0.449,0.447,0.4,0.5,0.786,0.3,1.7,2,3.5,0.8,0.1,1,1.7,3.1
411,Ivica Zubac,C,20,LAL,32,0,7.7,1.2,2.3,0.507,0,0,,1.2,2.3,0.507,0.507,0.8,1,0.781,0.8,1.4,2.1,0.3,0.1,0.2,0.6,0.9,3.1
412,Dwayne Bacon,SG,22,CHO,49,6,12.5,1.2,3.3,0.374,0.2,0.8,0.282,1,2.5,0.403,0.408,0.3,0.4,0.762,0.1,2.2,2.3,0.6,0.3,0,0.4,0.8,3
413,Milton Doyle,SG,24,BRK,6,0,10.5,1.2,4.2,0.28,0.3,2.2,0.154,0.8,2,0.417,0.32,0.3,0.5,0.667,0.3,1.2,1.5,0.7,0.3,0.2,0.3,0.5,3
414,Terrance Ferguson,SG,19,OKC,55,12,12.3,1.1,2.7,0.416,0.6,1.8,0.32,0.5,0.9,0.612,0.523,0.1,0.1,0.875,0.3,0.4,0.7,0.3,0.4,0.2,0.2,1.4,3
415,Derrick Jones,SF,20,TOT,17,8,13.6,1.1,2.8,0.383,0.1,0.9,0.125,0.9,1.8,0.516,0.404,0.8,1.2,0.65,1.1,0.8,1.9,0.5,0.2,0.8,0.4,1.4,3
416,Naz Mitrou-Long,SG,24,UTA,1,0,1,1,1,1,1,1,1,0,0,,1.5,0,0,,0,0,0,0,0,0,0,0,3
417,Jason Terry,SG,40,MIL,40,2,14.6,1.1,2.8,0.378,0.7,2.1,0.341,0.4,0.7,0.483,0.505,0.2,0.2,1,0.1,0.9,0.9,1.1,0.6,0.3,0.5,1,3
418,Gian Clavell,SG,24,DAL,7,0,9.1,0.9,2.6,0.333,0.9,2.1,0.4,0,0.4,0,0.5,0.3,0.3,1,0.1,0.9,1,0.4,0.3,0,0.3,1.1,2.9
419,Damyean Dotson,SG,23,NYK,38,2,8.6,1.2,2.8,0.415,0.4,1.2,0.311,0.8,1.6,0.492,0.481,0.3,0.4,0.714,0.2,1.2,1.4,0.6,0.2,0,0.3,0.6,2.9
420,T.J. Leaf,PF,20,IND,49,0,8.7,1.2,2.5,0.471,0.4,0.8,0.462,0.8,1.7,0.476,0.545,0.2,0.2,0.667,0.5,1,1.6,0.2,0.1,0.1,0.2,0.9,2.9
421,Glenn Robinson,SF,24,IND,13,0,13.5,1.2,3.1,0.375,0.2,0.9,0.167,1,2.2,0.464,0.4,0.5,0.5,0.857,0.4,0.7,1.1,0.8,0.6,0.1,0.2,0.8,2.9
422,Darrell Arthur,PF,29,DEN,19,1,7.4,1.2,2.5,0.468,0.4,1.2,0.348,0.7,1.3,0.583,0.553,0.1,0.2,0.667,0.2,0.6,0.8,0.5,0.4,0.2,0.8,1.2,2.8
423,Ekpe Udoh,C,30,UTA,57,3,13.6,1,2,0.509,0,0,0,1,2,0.513,0.509,0.7,0.9,0.759,1.1,1.4,2.5,0.9,0.7,1.2,0.3,1.7,2.8
424,Briante Weber,PG,25,TOT,18,0,13.2,1.1,2.4,0.442,0.2,0.6,0.364,0.8,1.8,0.469,0.488,0.4,0.6,0.8,0.4,1.5,1.9,1.2,1,0.3,0.8,1.6,2.8
425,James Young,SG,22,PHI,6,0,10.2,0.8,2.3,0.357,0.5,1.7,0.3,0.3,0.7,0.5,0.464,0.7,1,0.667,0,0.3,0.3,0.3,0,0,0.2,0.7,2.8
426,Alex Caruso,PG,23,LAL,28,0,13.1,1.1,2.4,0.448,0.2,0.8,0.227,0.9,1.6,0.556,0.485,0.4,0.6,0.688,0.3,1,1.3,1.7,0.6,0.3,0.9,1.2,2.7
427,Kyle Collinsworth,SF,26,DAL,25,1,13.4,1,2.5,0.397,0.2,0.4,0.364,0.8,2.1,0.404,0.429,0.5,1,0.5,1,2,3,1.3,0.6,0.2,0.7,1.4,2.7
428,James Michael McAdoo,PF,25,PHI,3,0,6,0.7,2.3,0.286,0.7,2.3,0.286,0,0,,0.429,0.7,0.7,1,0,0.7,0.7,0,0,0.3,0.3,0.3,2.7
429,Bobby Brown,PG,33,HOU,20,0,5.8,1,2.9,0.328,0.6,2,0.275,0.4,0.9,0.444,0.422,0.1,0.1,0.5,0,0.4,0.4,0.6,0.2,0,0.5,0.3,2.5
430,Henry Ellenson,PF,21,DET,29,0,6.1,1,3,0.326,0.3,1.2,0.286,0.6,1.8,0.353,0.384,0.2,0.3,0.7,0.2,1.4,1.7,0.4,0.1,0,0.4,0.4,2.5
431,Malcolm Miller,SF,24,TOR,15,4,8.4,0.9,1.9,0.464,0.5,1.4,0.381,0.3,0.5,0.714,0.607,0.3,0.3,1,0.3,0.7,1,0.2,0.1,0.1,0.3,0.7,2.5
432,Lucas Nogueira,C,25,TOR,43,2,8.5,1,1.6,0.623,0.1,0.4,0.25,0.9,1.2,0.736,0.652,0.4,0.6,0.692,0.4,1.5,1.9,0.4,0.4,0.8,0.3,1,2.5
433,Davon Reed,SG,22,PHO,13,0,9.8,0.9,3.2,0.293,0.5,1.5,0.316,0.5,1.7,0.273,0.366,0.2,0.3,0.75,0.2,1.5,1.7,0.5,0.2,0.1,0.4,0.7,2.5
434,Ron Baker,SG,24,NYK,29,1,13.3,0.7,2,0.339,0.4,1.1,0.333,0.3,0.9,0.346,0.432,0.7,0.9,0.769,0.2,0.9,1,1.6,0.9,0.2,0.6,1.1,2.4
435,Daniel Hamilton,SG,22,OKC,5,0,5.2,1,2.2,0.455,0.4,1,0.4,0.6,1.2,0.5,0.545,0,0,,0,1,1,1.4,0.2,0,0.4,0,2.4
436,Brice Johnson,PF,23,TOT,18,0,5.4,1.1,2.3,0.476,0,0.1,0,1.1,2.3,0.488,0.476,0.2,0.3,0.6,0.5,1.2,1.7,0.1,0.5,0.3,0.3,0.7,2.4
437,Josh Magette,PG,28,ATL,14,0,9.7,0.7,2,0.357,0.4,0.9,0.417,0.4,1.1,0.313,0.446,0.6,0.6,1,0.1,0.8,0.9,2.9,0.3,0,0.4,0.6,2.4
438,Chris McCullough,PF,22,WAS,19,0,4.7,0.9,2.2,0.429,0.1,0.4,0.125,0.9,1.8,0.5,0.44,0.5,0.7,0.643,0.4,0.9,1.3,0.2,0,0.3,0.1,0.4,2.4
439,Nick Collison,PF,37,OKC,13,0,5.5,1,1.5,0.684,0,0,,1,1.5,0.684,0.684,0.3,0.6,0.5,0.5,1,1.5,0.3,0,0,0.5,0.5,2.3
440,Nigel Hayes,SF,23,TOT,4,0,4.3,0.8,1.3,0.6,0.5,1,0.5,0.3,0.3,1,0.8,0.3,0.3,1,0,0,0,0.5,0,0,0.3,0,2.3
441,Josh Huestis,PF,26,OKC,66,10,14.7,0.9,2.7,0.33,0.5,1.7,0.283,0.4,1,0.409,0.419,0.1,0.3,0.278,0.6,1.8,2.4,0.3,0.2,0.7,0.4,1.2,2.3
442,Semi Ojeleye,PF,23,BOS,62,0,14.6,0.7,2.4,0.297,0.5,1.7,0.29,0.2,0.7,0.317,0.402,0.4,0.5,0.647,0.5,1.5,2,0.3,0.3,0,0.3,1.2,2.3
443,Brandon Paul,SG,26,SAS,59,2,9.2,0.8,2,0.422,0.2,0.9,0.275,0.6,1.1,0.538,0.483,0.4,0.6,0.568,0.1,1,1.1,0.6,0.4,0.1,0.5,0.9,2.3
444,Rashad Vaughn,SG,21,TOT,28,0,7.6,0.8,2,0.411,0.5,1.3,0.378,0.3,0.7,0.474,0.536,0.1,0.2,0.667,0.1,0.6,0.8,0.5,0.2,0.1,0.2,0.5,2.3
445,Gary Payton,PG,25,TOT,18,6,8.1,1,2.6,0.383,0.1,0.8,0.133,0.9,1.8,0.5,0.404,0.1,0.2,0.667,0.4,0.8,1.3,0.7,0.2,0.2,0.2,1.3,2.2
446,Georgios Papagiannis,C,20,SAC,16,0,7.4,1.1,2.6,0.415,0,0,,1.1,2.6,0.415,0.415,0,0,,0.8,1.5,2.3,0.6,0.1,0.4,0.5,0.8,2.1
447,Alec Peters,PF,22,PHO,13,0,8.5,0.7,2.8,0.25,0.5,2.4,0.194,0.2,0.4,0.6,0.333,0.2,0.2,1,0.3,1.2,1.5,0.6,0,0.2,0.1,0.2,2.1
448,Bruno Caboclo,SF,22,TOT,8,0,8.4,0.8,2.8,0.273,0.1,1.5,0.083,0.6,1.3,0.5,0.295,0.4,0.5,0.75,0.8,1.1,1.9,0.5,0.4,0.3,0.1,1,2
449,Luol Deng,SF,32,LAL,1,1,13,1,2,0.5,0,0,,1,2,0.5,0.5,0,0,,0,0,0,1,1,0,1,0,2
450,Gordon Hayward,SF,27,BOS,1,1,5,1,2,0.5,0,1,0,1,1,1,0.5,0,0,,0,1,1,0,0,0,0,1,2
451,Mangok Mathiang,C,25,CHO,4,0,5,1,1.8,0.571,0,0,,1,1.8,0.571,0.571,0,0.3,0,0.8,1.8,2.5,0,0.3,0,0,1.3,2
452,Marshall Plumlee,C,25,MIL,7,0,6.4,0.1,0.4,0.333,0,0,,0.1,0.4,0.333,0.333,1.7,2.3,0.75,0.6,1.7,2.3,0.3,0,0.1,0.4,1.1,2
453,Quincy Pondexter,SF,29,CHI,23,1,8.5,0.6,2.1,0.286,0.1,1,0.136,0.5,1.2,0.407,0.316,0.6,0.7,0.824,0.3,0.8,1.2,0.4,0.3,0.1,0.5,1,2
454,Caleb Swanigan,PF,20,POR,21,3,7,0.8,2.2,0.37,0,0.3,0.167,0.8,1.9,0.4,0.38,0.4,0.6,0.615,0.7,1.1,1.8,0.5,0.2,0.1,0.6,1.3,2
455,Aaron Brooks,PG,33,MIN,29,1,5.5,0.8,1.8,0.431,0.2,0.7,0.333,0.5,1,0.5,0.5,0.1,0.2,0.667,0.2,0.3,0.4,0.6,0.2,0,0.3,0.7,1.9
456,John Holland,SF,29,CLE,17,0,7.3,0.6,2.1,0.306,0.4,1.4,0.304,0.2,0.8,0.308,0.403,0.2,0.4,0.667,0.2,0.8,1.1,0.2,0.4,0.1,0.2,0.4,1.9
457,Dakari Johnson,C,22,OKC,29,6,5.5,0.8,1.3,0.564,0,0,,0.8,1.3,0.564,0.564,0.4,0.7,0.55,0.6,0.6,1.2,0.3,0.2,0.3,0.1,0.9,1.9
458,DeAndre Liggins,SG,29,TOT,53,3,12.8,0.8,1.8,0.412,0.4,0.9,0.38,0.4,0.9,0.447,0.51,0,0.1,0.4,0.1,1.2,1.3,0.8,0.7,0.2,0.4,1.5,1.9
459,Kyle Singler,SF,29,OKC,12,0,4.9,0.6,1.8,0.333,0.2,0.4,0.4,0.4,1.3,0.313,0.381,0.6,1.1,0.538,0.1,0.8,0.8,0.2,0.1,0,0.3,0.3,1.9
460,Derrick Walton,PG,22,MIA,15,0,9.5,0.5,1.6,0.333,0.5,1.1,0.412,0.1,0.5,0.143,0.479,0.4,0.4,1,0.1,0.9,1.1,1,0.4,0.2,0.1,0.4,1.9
461,Jamel Artis,SG,25,ORL,6,0,11.2,0.8,3.2,0.263,0,0.8,0,0.8,2.3,0.357,0.263,0.2,0.5,0.333,0.2,1.5,1.7,1.3,0,0,0,0.2,1.8
462,Eric Moreland,PF,26,DET,57,1,11.5,0.8,1.6,0.527,0,0,,0.8,1.6,0.527,0.527,0.2,0.4,0.375,1.1,2.7,3.9,1.1,0.4,0.7,0.6,1.6,1.8
463,Guerschon Yabusele,PF,22,BOS,25,1,5.4,0.6,1.4,0.417,0.3,0.9,0.348,0.3,0.5,0.538,0.528,0.3,0.4,0.636,0.5,0.9,1.4,0.4,0.1,0.1,0.3,0.6,1.8
464,Solomon Hill,SF,26,NOP,3,1,10.7,0.7,1.7,0.4,0.3,1.3,0.25,0.3,0.3,1,0.5,0,0,,0,0.3,0.3,1,0,0,0,0.7,1.7
465,Furkan Korkmaz,SG,20,PHI,7,0,6.3,0.6,2.4,0.235,0.3,1.6,0.182,0.3,0.9,0.333,0.294,0.3,0.3,1,0.3,0.6,0.9,0.4,0.1,0,0.3,0.6,1.7
466,Joakim Noah,C,32,NYK,7,0,5.7,0.7,1.4,0.5,0,0,,0.7,1.4,0.5,0.5,0.3,0.6,0.5,0.9,1.1,2,0.6,0.3,0.3,0.6,0.7,1.7
467,Damien Wilkins,SF,38,IND,19,1,8,0.7,2.1,0.333,0.2,0.9,0.222,0.5,1.1,0.429,0.385,0.2,0.2,0.75,0.3,0.6,0.8,0.5,0.1,0.1,0.3,0.4,1.7
468,Matt Williams,SG,24,MIA,3,0,3.7,0.7,2,0.333,0.3,1.7,0.2,0.3,0.3,1,0.417,0,0,,0,0.3,0.3,0,0,0,0.3,0.3,1.7
469,Jeff Withey,C,27,DAL,9,0,4.3,0.7,1.8,0.375,0.2,1.1,0.2,0.4,0.7,0.667,0.438,0.1,0.2,0.5,0.1,1,1.1,0,0,0.3,0.2,0.3,1.7
470,Andrew Bogut,C,33,LAL,23,5,9.4,0.7,1.1,0.68,0,0,,0.7,1.1,0.68,0.68,0.1,0.1,1,1.1,2.3,3.4,0.7,0.2,0.6,0.8,1.7,1.6
471,Lorenzo Brown,PG,27,TOR,13,0,8.8,0.7,1.9,0.36,0.1,0.6,0.125,0.6,1.3,0.471,0.38,0.2,0.2,1,0,0.8,0.8,0.9,0.3,0,0.2,0.4,1.6
472,James Webb,SF,24,BRK,9,0,12,0.6,2.3,0.238,0.4,1.9,0.235,0.1,0.4,0.25,0.333,0,0,,0.8,1.7,2.4,0.4,0.1,0,0.3,1.1,1.6
473,Joel Bolomboy,PF,24,MIL,6,0,6.3,0.5,1,0.5,0,0.2,0,0.5,0.8,0.6,0.5,0.5,1,0.5,1,0.7,1.7,0,0.3,0,0.3,0.5,1.5
474,Reggie Hearn,SG,26,DET,2,0,1.5,0.5,0.5,1,0.5,0.5,1,0,0,,1.5,0,0,,0,0,0,0,0,0,0,0,1.5
475,Vince Hunter,PF,23,MEM,4,0,1.8,0.8,1.3,0.6,0,0,,0.8,1.3,0.6,0.6,0,0,,0.5,0.3,0.8,0,0,0.3,0.3,0,1.5
476,Richard Jefferson,SF,37,DEN,20,0,8.2,0.6,1.4,0.444,0.1,0.4,0.286,0.5,1,0.5,0.481,0.2,0.4,0.571,0.1,0.8,0.9,0.8,0.1,0.1,0.3,0.6,1.5
477,Alfonzo McKinnie,SF,25,TOR,13,0,3.8,0.5,1,0.538,0.2,0.6,0.375,0.3,0.4,0.8,0.654,0.2,0.2,0.667,0,0.5,0.5,0.1,0.1,0.1,0.2,0.6,1.5
478,Ike Anigbogu,C,19,IND,10,0,2.8,0.4,0.9,0.444,0,0,,0.4,0.9,0.444,0.444,0.5,0.6,0.833,0.5,0.4,0.9,0,0.1,0.3,0.2,0.1,1.3
479,Omer Asik,C,31,NOP,14,0,8.6,0.5,1.1,0.438,0,0,,0.5,1.1,0.438,0.438,0.3,0.9,0.333,0.5,2.1,2.6,0.1,0.1,0.1,0.4,1,1.3
480,Markel Brown,SG,26,HOU,4,0,7.8,0.5,1.8,0.286,0.3,1.3,0.2,0.3,0.5,0.5,0.357,0,0,,0.3,1,1.3,0.5,0,0,0.5,1.5,1.3
481,Ryan Arcidiacono,PG,23,CHI,13,0,9.2,0.4,0.9,0.417,0.2,0.8,0.3,0.2,0.2,1,0.542,0.2,0.2,1,0,0.5,0.5,1,0.4,0,0.2,0.8,1.2
482,Marcus Georges-Hunt,SG,23,MIN,39,0,5.2,0.4,1.1,0.405,0.1,0.4,0.214,0.4,0.7,0.5,0.44,0.2,0.4,0.5,0.2,0.2,0.4,0.2,0.1,0,0.1,0.8,1.2
483,Zhou Qi,C,22,HOU,14,0,5.4,0.3,1.7,0.167,0.1,1.1,0.133,0.1,0.6,0.222,0.208,0.5,0.7,0.7,0.1,0.8,0.9,0.1,0.1,0.4,0.4,0.9,1.2
484,Thomas Bryant,C,20,LAL,10,0,3.3,0.3,0.9,0.333,0.1,0.5,0.2,0.2,0.4,0.5,0.389,0.4,0.6,0.667,0.1,0.5,0.6,0.2,0,0,0.1,0.2,1.1
485,Larry Drew,PG,27,TOT,7,0,6.6,0.4,2.1,0.2,0.3,0.9,0.333,0.1,1.3,0.111,0.267,0,0,,0.3,0,0.3,0.7,0,0,0.1,0.6,1.1
486,Darrun Hilliard,SG,24,SAS,14,0,6.8,0.4,1.4,0.263,0,0.4,0,0.4,0.9,0.385,0.263,0.4,0.5,0.857,0,0.5,0.5,0.8,0.1,0,0.3,0.5,1.1
487,Demetrius Jackson,PG,23,TOT,14,0,5.6,0.5,1.3,0.389,0.1,0.5,0.143,0.4,0.8,0.545,0.417,0.1,0.1,0.5,0.4,0.5,0.9,0.6,0.4,0.1,0.8,0.5,1.1
488,Alex Poythress,PF,24,IND,24,0,4.2,0.5,1,0.44,0.2,0.5,0.364,0.3,0.6,0.5,0.52,0,0,,0.3,0.4,0.7,0.1,0.1,0,0.1,0.7,1.1
489,Wade Baldwin,PG,21,POR,1,0,3,0,0,,0,0,,0,0,,,1,2,0.5,0,1,1,0,0,0,1,1,1
490,Jabari Bird,SG,23,BOS,5,0,5.2,0.2,0.8,0.25,0,0.4,0,0.2,0.4,0.5,0.25,0.6,1,0.6,0.2,0.4,0.6,0.2,0.2,0,0.2,0.4,1
491,Matt Costello,C,24,SAS,4,0,8,0.5,1,0.5,0,0,,0.5,1,0.5,0.5,0,0,,0.3,2,2.3,0.5,0.5,0.5,0.3,1.8,1
492,PJ Dozier,PG,21,OKC,2,0,1.5,0.5,1,0.5,0,0,,0.5,1,0.5,0.5,0,0,,0,0.5,0.5,0,0,0,0.5,0.5,1
493,Scotty Hopson,SG,28,DAL,1,0,8,0,1,0,0,0,,0,1,0,0,1,2,0.5,0,0,0,1,0,0,1,0,1
494,Jake Layman,SF,23,POR,31,1,4.9,0.4,1.4,0.273,0.1,0.6,0.211,0.3,0.8,0.32,0.318,0.1,0.1,0.667,0.1,0.3,0.5,0.3,0.2,0.1,0.2,0.4,1
495,Derrick Williams,PF,26,LAL,2,0,4.5,0.5,2,0.25,0,1,0,0.5,1,0.5,0.25,0,0,,0,0.5,0.5,0,0,0,0,0,1
496,Tony Bradley,C,20,UTA,9,0,3.2,0.3,1.2,0.273,0,0.1,0,0.3,1.1,0.3,0.273,0.2,0.2,1,0.4,0.8,1.2,0.1,0,0,0,0.1,0.9
497,D.J. Wilson,PF,21,MIL,21,0,3.3,0.4,0.7,0.571,0.1,0.2,0.4,0.3,0.4,0.667,0.643,0,0.1,0.5,0,0.4,0.4,0.1,0.1,0,0.2,0.2,0.9
498,Antonius Cleveland,SG,23,DAL,13,0,6.2,0.3,1.1,0.286,0,0.1,0,0.3,1,0.308,0.286,0.2,0.3,0.5,0.2,0.6,0.8,0.2,0.5,0.3,0.2,0.8,0.8
499,Georges Niang,PF,24,UTA,5,0,2.4,0.4,0.8,0.5,0,0.2,0,0.4,0.6,0.667,0.5,0,0,,0,0.2,0.2,0.4,0.4,0,0.4,0.2,0.8
500,Jacob Wiley,PF,23,BRK,5,0,6.6,0.2,0.8,0.25,0.2,0.4,0.5,0,0.4,0,0.375,0.2,0.4,0.5,0.4,1.8,2.2,0.4,0.2,0,0,0.8,0.8
